clock,avg_frame_bitrate,frame_bitrate_deviation,black_ratio_in_view,is_rebuffer,latency,download_data_in_interval
0,0,0,0,True,10.0,56616.0
10,0,0,0,True,20.0,56616.0
20,0,0,0,True,30.0,56616.0
30,0,0,0,True,40.0,56616.0
40,0,0,0,True,50.0,56616.0
50,0,0,0,True,60.0,56616.0
60,0,0,0,True,70.0,56616.0
70,0,0,0,True,80.0,56616.0
80,0,0,0,True,90.0,56616.0
90,0,0,0,True,100.0,56616.0
100,0,0,0,True,110.0,56616.0
110,0,0,0,True,120.0,56616.0
120,0,0,0,True,130.0,56616.0
130,0,0,0,True,140.0,56616.0
140,0,0,0,True,150.0,56616.0
150,0,0,0,True,160.0,56616.0
160,0,0,0,True,170.0,56616.0
170,0,0,0,True,180.0,56616.0
180,0,0,0,True,190.0,56616.0
190,0,0,0,True,200.0,56616.0
200,0,0,0,True,210.0,56616.0
210,0,0,0,True,220.0,56616.0
220,0,0,0,True,230.0,56616.0
230,0,0,0,True,240.0,56616.0
240,0,0,0,True,250.0,56616.0
250,0,0,0,True,260.0,56616.0
260,0,0,0,True,270.0,56616.0
270,0,0,0,True,280.0,56616.0
280,0,0,0,True,290.0,56616.0
290,0,0,0,True,300.0,56616.0
300,0,0,0,True,310.0,56616.0
310,0,0,0,True,320.0,56616.0
320,0,0,0,True,330.0,56616.0
330,0,0,0,True,340.0,56616.0
340,0,0,0,True,350.0,56616.0
350,0,0,0,True,360.0,56616.0
360,0,0,0,True,370.0,56616.0
370,0,0,0,True,380.0,56616.0
380,0,0,0,True,390.0,56616.0
390,0,0,0,True,400.0,56616.0
400,0,0,0,True,410.0,56616.0
410,0,0,0,True,420.0,56616.0
420,0,0,0,True,430.0,56616.0
430,0,0,0,True,440.0,56616.0
440,0,0,0,True,450.0,56616.0
450,0,0,0,True,460.0,56616.0
460,0,0,0,True,470.0,56616.0
470,0,0,0,True,480.0,56616.0
480,0,0,0,True,490.0,56616.0
490,0,0,0,True,500.0,56616.0
500,0,0,0,True,510.0,56616.0
510,0,0,0,True,520.0,56616.0
520,0,0,0,True,530.0,56616.0
530,0,0,0,True,540.0,56616.0
540,0,0,0,True,550.0,56616.0
550,0,0,0,True,560.0,56616.0
560,0,0,0,True,570.0,56616.0
570,0,0,0,True,580.0,56616.0
580,0,0,0,True,590.0,56616.0
590,0,0,0,True,600.0,56616.0
600,0,0,0,True,610.0,56616.0
610,0,0,0,True,620.0,56616.0
620,0,0,0,True,630.0,56616.0
630,0,0,0,True,640.0,56616.0
640,0,0,0,True,650.0,56616.0
650,0,0,0,True,660.0,56616.0
660,0,0,0,True,670.0,56616.0
670,0,0,0,True,680.0,56616.0
680,0,0,0,True,690.0,56616.0
690,0,0,0,True,700.0,56616.0
700,0,0,0,True,710.0,56616.0
710,0,0,0,True,720.0,56616.0
720,0,0,0,True,730.0,56616.0
730,0,0,0,True,740.0,56616.0
740,0,0,0,True,750.0,56616.0
750,0,0,0,True,760.0,56616.0
760,0,0,0,True,770.0,56616.0
770,0,0,0,True,780.0,56616.0
780,0,0,0,True,790.0,56616.0
790,0,0,0,True,800.0,56616.0
800,0,0,0,True,810.0,56616.0
810,0,0,0,True,820.0,56616.0
820,0,0,0,True,830.0,56616.0
830,0,0,0,True,840.0,56616.0
840,0,0,0,True,850.0,56616.0
850,0,0,0,True,860.0,56616.0
860,0,0,0,True,870.0,56616.0
870,0,0,0,True,880.0,56616.0
880,0,0,0,True,890.0,56616.0
890,0,0,0,True,900.0,56616.0
900,0,0,0,True,910.0,56616.0
910,0,0,0,True,920.0,56616.0
920,0,0,0,True,930.0,56616.0
930,0,0,0,True,940.0,56616.0
940,0,0,0,True,950.0,56616.0
950,0,0,0,True,960.0,56616.0
960,0,0,0,True,970.0,56616.0
970,0,0,0,True,980.0,56616.0
980,0,0,0,True,990.0,56616.0
990,0,0,0,True,1000.0,56616.0
1000,0,0,0,True,1010.0,53596.48
1010,0,0,0,True,1020.0,53596.48
1020,0,0,0,True,1030.0,53596.48
1030,0,0,0,True,1040.0,53596.48
1040,0,0,0,True,1050.0,53596.48
1050,0,0,0,True,1060.0,53596.48
1060,0,0,0,True,1070.0,53596.48
1070,0,0,0,True,1080.0,53596.48
1080,0,0,0,True,1090.0,53596.48
1090,0,0,0,True,1100.0,53596.48
1100,0,0,0,True,1110.0,53596.48
1110,0,0,0,True,1120.0,53596.48
1120,0,0,0,True,1130.0,53596.48
1130,0,0,0,True,1140.0,53596.48
1140,0,0,0,True,1150.0,53596.48
1150,0,0,0,True,1160.0,53596.48
1160,0,0,0,True,1170.0,53596.48
1170,0,0,0,True,1180.0,53596.48
1180,0,0,0,True,1190.0,53596.48
1190,0,0,0,True,1200.0,53596.48
1200,0,0,0,True,1210.0,53596.48
1210,0,0,0,True,1220.0,53596.48
1220,0,0,0,True,1230.0,53596.48
1230,0,0,0,True,1240.0,53596.48
1240,0,0,0,True,1250.0,53596.48
1250,0,0,0,True,1260.0,53596.48
1260,0,0,0,True,1270.0,53596.48
1270,0,0,0,True,1280.0,53596.48
1280,0,0,0,True,1290.0,53596.48
1290,0,0,0,True,1300.0,53596.48
1300,0,0,0,True,1310.0,53596.48
1310,0,0,0,True,1320.0,53596.48
1320,0,0,0,True,1330.0,53596.48
1330,0,0,0,True,1340.0,53596.48
1340,0,0,0,True,1350.0,53596.48
1350,0,0,0,True,1360.0,53596.48
1360,0,0,0,True,1370.0,53596.48
1370,0,0,0,True,1380.0,53596.48
1380,0,0,0,True,1390.0,53596.48
1390,0,0,0,True,1400.0,53596.48
1400,0,0,0,True,1410.0,53596.48
1410,0,0,0,True,1420.0,53596.48
1420,0,0,0,True,1430.0,53596.48
1430,0,0,0,True,1440.0,53596.48
1440,0,0,0,True,1450.0,53596.48
1450,0,0,0,True,1460.0,53596.48
1460,0,0,0,True,1470.0,53596.48
1470,0,0,0,True,1480.0,53596.48
1480,0,0,0,True,1490.0,53596.48
1490,0,0,0,True,1500.0,53596.48
1500,0,0,0,True,1510.0,53596.48
1510,0,0,0,True,1520.0,53596.48
1520,0,0,0,True,1530.0,53596.48
1530,0,0,0,True,1540.0,53596.48
1540,0,0,0,True,1550.0,53596.48
1550,0,0,0,True,1560.0,53596.48
1560,0,0,0,True,1570.0,53596.48
1570,0,0,0,True,1580.0,53596.48
1580,0,0,0,True,1590.0,53596.48
1590,0,0,0,True,1600.0,53596.48
1600,0,0,0,True,1610.0,53596.48
1610,0,0,0,True,1620.0,53596.48
1620,0,0,0,True,1630.0,53596.48
1630,0,0,0,True,1640.0,53596.48
1640,0,0,0,True,1650.0,53596.48
1650,0,0,0,True,1660.0,53596.48
1660,0,0,0,True,1670.0,53596.48
1670,0,0,0,True,1680.0,53596.48
1680,0,0,0,True,1690.0,53596.48
1690,0,0,0,True,1700.0,53596.48
1700,0,0,0,True,1710.0,53596.48
1710,0,0,0,True,1720.0,53596.48
1720,0,0,0,True,1730.0,53596.48
1730,0,0,0,True,1740.0,53596.48
1740,0,0,0,True,1750.0,53596.48
1750,0,0,0,True,1760.0,53596.48
1760,0,0,0,True,1770.0,53596.48
1770,0,0,0,True,1780.0,53596.48
1780,0,0,0,True,1790.0,53596.48
1790,0,0,0,True,1800.0,53596.48
1800,0,0,0,True,1810.0,53596.48
1810,0,0,0,True,1820.0,53596.48
1820,0,0,0,True,1830.0,53596.48
1830,0,0,0,True,1840.0,53596.48
1840,0,0,0,True,1850.0,53596.48
1850,0,0,0,True,1860.0,53596.48
1860,0,0,0,True,1870.0,53596.48
1870,0,0,0,True,1880.0,53596.48
1880,0,0,0,True,1890.0,53596.48
1890,0,0,0,True,1900.0,53596.48
1900,0,0,0,True,1910.0,53596.48
1910,0,0,0,True,1920.0,53596.48
1920,0,0,0,True,1930.0,53596.48
1930,0,0,0,True,1940.0,53596.48
1940,0,0,0,True,1950.0,53596.48
1950,0,0,0,True,1960.0,53596.48
1960,0,0,0,True,1970.0,53596.48
1970,0,0,0,True,1980.0,53596.48
1980,0,0,0,True,1990.0,53596.48
1990,0,0,0,True,2000.0,53596.48
2000,0,0,0,True,2010.0,32352.0
2010,0,0,0,True,2020.0,32352.0
2020,0,0,0,True,2030.0,32352.0
2030,0,0,0,True,2040.0,32352.0
2040,0,0,0,True,2050.0,32352.0
2050,0,0,0,True,2060.0,32352.0
2060,0,0,0,True,2070.0,32352.0
2070,0,0,0,True,2080.0,32352.0
2080,0,0,0,True,2090.0,32352.0
2090,0,0,0,True,2100.0,32352.0
2100,0,0,0,True,2110.0,32352.0
2110,0,0,0,True,2120.0,32352.0
2120,0,0,0,True,2130.0,32352.0
2130,0,0,0,True,2140.0,32352.0
2140,0,0,0,True,2150.0,32352.0
2150,0,0,0,True,2160.0,32352.0
2160,0,0,0,True,2170.0,32352.0
2170,0,0,0,True,2180.0,32352.0
2180,0,0,0,True,2190.0,32352.0
2190,0,0,0,True,2200.0,32352.0
2200,0,0,0,True,2210.0,32352.0
2210,0,0,0,True,2220.0,32352.0
2220,0,0,0,True,2230.0,32352.0
2230,0,0,0,True,2240.0,32352.0
2240,0,0,0,True,2250.0,32352.0
2250,0,0,0,True,2260.0,32352.0
2260,0,0,0,True,2270.0,32352.0
2270,0,0,0,True,2280.0,32352.0
2280,0,0,0,True,2290.0,32352.0
2290,0,0,0,True,2300.0,32352.0
2300,0,0,0,True,2310.0,32352.0
2310,0,0,0,True,2320.0,32352.0
2320,0,0,0,True,2330.0,32352.0
2330,0,0,0,True,2340.0,32352.0
2340,0,0,0,True,2350.0,32352.0
2350,0,0,0,True,2360.0,32352.0
2360,0,0,0,True,2370.0,32352.0
2370,0,0,0,True,2380.0,32352.0
2380,0,0,0,True,2390.0,32352.0
2390,0,0,0,True,2400.0,32352.0
2400,0,0,0,True,2410.0,32352.0
2410,0,0,0,True,2420.0,32352.0
2420,0,0,0,True,2430.0,32352.0
2430,0,0,0,True,2440.0,32352.0
2440,0,0,0,True,2450.0,32352.0
2450,0,0,0,True,2460.0,32352.0
2460,0,0,0,True,2470.0,32352.0
2470,0,0,0,True,2480.0,32352.0
2480,0,0,0,True,2490.0,32352.0
2490,0,0,0,True,2500.0,32352.0
2500,0,0,0,True,2510.0,32352.0
2510,0,0,0,True,2520.0,32352.0
2520,0,0,0,True,2530.0,32352.0
2530,0,0,0,True,2540.0,32352.0
2540,0,0,0,True,2550.0,32352.0
2550,0,0,0,True,2560.0,32352.0
2560,0,0,0,True,2570.0,32352.0
2570,0,0,0,True,2580.0,32352.0
2580,0,0,0,True,2590.0,32352.0
2590,0,0,0,True,2600.0,32352.0
2600,0,0,0,True,2610.0,32352.0
2610,0,0,0,True,2620.0,32352.0
2620,0,0,0,True,2630.0,32352.0
2630,0,0,0,True,2640.0,32352.0
2640,0,0,0,True,2650.0,32352.0
2650,0,0,0,True,2660.0,32352.0
2660,0,0,0,True,2670.0,32352.0
2670,0,0,0,True,2680.0,32352.0
2680,0,0,0,True,2690.0,32352.0
2690,0,0,0,True,2700.0,32352.0
2700,0,0,0,True,2710.0,32352.0
2710,0,0,0,True,2720.0,32352.0
2720,0,0,0,True,2730.0,32352.0
2730,0,0,0,True,2740.0,32352.0
2740,0,0,0,True,2750.0,32352.0
2750,0,0,0,True,2760.0,32352.0
2760,0,0,0,True,2770.0,32352.0
2770,0,0,0,True,2780.0,32352.0
2780,0,0,0,True,2790.0,32352.0
2790,0,0,0,True,2800.0,32352.0
2800,0,0,0,True,2810.0,32352.0
2810,0,0,0,True,2820.0,32352.0
2820,0,0,0,True,2830.0,32352.0
2830,0,0,0,True,2840.0,32352.0
2840,0,0,0,True,2850.0,32352.0
2850,0,0,0,True,2860.0,32352.0
2860,0,0,0,True,2870.0,32352.0
2870,0,0,0,True,2880.0,32352.0
2880,0,0,0,True,2890.0,32352.0
2890,0,0,0,True,2900.0,32352.0
2900,0,0,0,True,2910.0,32352.0
2910,0,0,0,True,2920.0,32352.0
2920,0,0,0,True,2930.0,32352.0
2930,0,0,0,True,2940.0,32352.0
2940,0,0,0,True,2950.0,32352.0
2950,0,0,0,True,2960.0,32352.0
2960,0,0,0,True,2970.0,32352.0
2970,0,0,0,True,2980.0,32352.0
2980,0,0,0,True,2990.0,32352.0
2990,0,0,0,True,3000.0,32352.0
3000,0,0,0,True,3010.0,34832.32
3010,0,0,0,True,3020.0,34832.32
3020,0,0,0,True,3030.0,34832.32
3030,0,0,0,True,3040.0,34832.32
3040,0,0,0,True,3050.0,34832.32
3050,0,0,0,True,3060.0,34832.32
3060,0,0,0,True,3070.0,34832.32
3070,0,0,0,True,3080.0,34832.32
3080,0,0,0,True,3090.0,34832.32
3090,0,0,0,True,3100.0,34832.32
3100,0,0,0,True,3110.0,34832.32
3110,0,0,0,True,3120.0,34832.32
3120,0,0,0,True,3130.0,34832.32
3130,0,0,0,True,3140.0,34832.32
3140,0,0,0,True,3150.0,34832.32
3150,0,0,0,True,3160.0,34832.32
3160,0,0,0,True,3170.0,34832.32
3170,0,0,0,True,3180.0,34832.32
3180,0,0,0,True,3190.0,34832.32
3190,0,0,0,True,3200.0,34832.32
3200,0,0,0,True,3210.0,34832.32
3210,0,0,0,True,3220.0,34832.32
3220,0,0,0,True,3230.0,34832.32
3230,0,0,0,True,3240.0,34832.32
3240,0,0,0,True,3250.0,34832.32
3250,0,0,0,True,3260.0,34832.32
3260,0,0,0,True,3270.0,34832.32
3270,0,0,0,True,3280.0,34832.32
3280,0,0,0,True,3290.0,34832.32
3290,0,0,0,True,3300.0,34832.32
3300,0,0,0,True,3310.0,34832.32
3310,0,0,0,True,3320.0,34832.32
3320,0,0,0,True,3330.0,34832.32
3330,0,0,0,True,3340.0,34832.32
3340,0,0,0,True,3350.0,34832.32
3350,0,0,0,True,3360.0,34832.32
3360,0,0,0,True,3370.0,34832.32
3370,0,0,0,True,3380.0,34832.32
3380,0,0,0,True,3390.0,34832.32
3390,0,0,0,True,3400.0,34832.32
3400,0,0,0,True,3410.0,34832.32
3410,0,0,0,True,3420.0,34832.32
3420,0,0,0,True,3430.0,34832.32
3430,0,0,0,True,3440.0,34832.32
3440,0,0,0,True,3450.0,34832.32
3450,0,0,0,True,3460.0,34832.32
3460,0,0,0,True,3470.0,34832.32
3470,0,0,0,True,3480.0,34832.32
3480,0,0,0,True,3490.0,34832.32
3490,0,0,0,True,3500.0,34832.32
3500,0,0,0,True,3510.0,34832.32
3510,0,0,0,True,3520.0,34832.32
3520,0,0,0,True,3530.0,34832.32
3530,0,0,0,True,3540.0,34832.32
3540,0,0,0,True,3550.0,34832.32
3550,0,0,0,True,3560.0,34832.32
3560,0,0,0,True,3570.0,34832.32
3570,0,0,0,True,3580.0,34832.32
3580,0,0,0,True,3590.0,34832.32
3590,0,0,0,True,3600.0,34832.32
3600,0,0,0,True,3610.0,34832.32
3610,0,0,0,True,3620.0,34832.32
3620,0,0,0,True,3630.0,34832.32
3630,0,0,0,True,3640.0,34832.32
3640,0,0,0,True,3650.0,34832.32
3650,0,0,0,True,3660.0,34832.32
3660,0,0,0,True,3670.0,34832.32
3670,0,0,0,True,3680.0,34832.32
3680,0,0,0,True,3690.0,34832.32
3690,0,0,0,True,3700.0,34832.32
3700,0,0,0,True,3710.0,34832.32
3710,0,0,0,True,3720.0,34832.32
3720,0,0,0,True,3730.0,34832.32
3730,0,0,0,True,3740.0,34832.32
3740,0,0,0,True,3750.0,34832.32
3750,0,0,0,True,3760.0,34832.32
3760,0,0,0,True,3770.0,34832.32
3770,0,0,0,True,3780.0,34832.32
3780,0,0,0,True,3790.0,34832.32
3790,0,0,0,True,3800.0,34832.32
3800,0,0,0,True,3810.0,34832.32
3810,0,0,0,True,3820.0,34832.32
3820,0,0,0,True,3830.0,34832.32
3830,0,0,0,True,3840.0,34832.32
3840,0,0,0,True,3850.0,34832.32
3850,0,0,0,True,3860.0,34832.32
3860,0,0,0,True,3870.0,34832.32
3870,0,0,0,True,3880.0,34832.32
3880,0,0,0,True,3890.0,34832.32
3890,0,0,0,True,3900.0,34832.32
3900,0,0,0,True,3910.0,34832.32
3910,0,0,0,True,3920.0,34832.32
3920,0,0,0,True,3930.0,34832.32
3930,0,0,0,True,3940.0,34832.32
3940,0,0,0,True,3950.0,34832.32
3950,0,0,0,True,3960.0,34832.32
3960,0,0,0,True,3970.0,34832.32
3970,0,0,0,True,3980.0,34832.32
3980,0,0,0,True,3990.0,34832.32
3990,0,0,0,True,4000.0,34832.32
4000,0,0,0,True,4010.0,84977.92
4010,0,0,0,True,4020.0,84977.92
4020,0,0,0,True,4030.0,84977.92
4030,0,0,0,True,4040.0,84977.92
4040,0,0,0,True,4050.0,84977.92
4050,0,0,0,True,4060.0,84977.92
4060,0,0,0,True,4070.0,84977.92
4070,0,0,0,True,4080.0,84977.92
4080,0,0,0,True,4090.0,84977.92
4090,0,0,0,True,4100.0,84977.92
4100,0,0,0,True,4110.0,84977.92
4110,0,0,0,True,4120.0,84977.92
4120,0,0,0,True,4130.0,84977.92
4130,0,0,0,True,4140.0,84977.92
4140,0,0,0,True,4150.0,84977.92
4150,0,0,0,True,4160.0,84977.92
4160,0,0,0,True,4170.0,84977.92
4170,0,0,0,True,4180.0,84977.92
4180,0,0,0,True,4190.0,84977.92
4190,0,0,0,True,4200.0,84977.92
4200,0,0,0,True,4210.0,84977.92
4210,0,0,0,True,4220.0,84977.92
4220,0,0,0,True,4230.0,84977.92
4230,0,0,0,True,4240.0,84977.92
4240,0,0,0,True,4250.0,84977.92
4250,0,0,0,True,4260.0,84977.92
4260,0,0,0,True,4270.0,84977.92
4270,0,0,0,True,4280.0,84977.92
4280,0,0,0,True,4290.0,84977.92
4290,0,0,0,True,4300.0,84977.92
4300,0,0,0,True,4310.0,84977.92
4310,0,0,0,True,4320.0,84977.92
4320,0,0,0,True,4330.0,84977.92
4330,0,0,0,True,4340.0,84977.92
4340,0,0,0,True,4350.0,84977.92
4350,0,0,0,True,4360.0,84977.92
4360,0,0,0,True,4370.0,84977.92
4370,0,0,0,True,4380.0,84977.92
4380,0,0,0,True,4390.0,84977.92
4390,0,0,0,True,4400.0,84977.92
4400,0,0,0,True,4410.0,84977.92
4410,0,0,0,True,4420.0,84977.92
4420,0,0,0,True,4430.0,84977.92
4430,0,0,0,True,4440.0,84977.92
4440,0,0,0,True,4450.0,84977.92
4450,0,0,0,True,4460.0,84977.92
4460,0,0,0,True,4470.0,84977.92
4470,0,0,0,True,4480.0,84977.92
4480,0,0,0,True,4490.0,84977.92
4490,0,0,0,True,4500.0,84977.92
4500,0,0,0,True,4510.0,84977.92
4510,0,0,0,True,4520.0,84977.92
4520,0,0,0,True,4530.0,84977.92
4530,0,0,0,True,4540.0,84977.92
4540,0,0,0,True,4550.0,84977.92
4550,0,0,0,True,4560.0,84977.92
4560,0,0,0,True,4570.0,84977.92
4570,0,0,0,True,4580.0,84977.92
4580,0,0,0,True,4590.0,84977.92
4590,0,0,0,True,4600.0,84977.92
4600,0,0,0,True,4610.0,84977.92
4610,0,0,0,True,4620.0,84977.92
4620,0,0,0,True,4630.0,84977.92
4630,0,0,0,True,4640.0,84977.92
4640,0,0,0,True,4650.0,84977.92
4650,0,0,0,True,4660.0,84977.92
4660,0,0,0,True,4670.0,84977.92
4670,0,0,0,True,4680.0,84977.92
4680,0,0,0,True,4690.0,84977.92
4690,0,0,0,True,4700.0,84977.92
4700,0,0,0,True,4710.0,84977.92
4710,0,0,0,True,4720.0,84977.92
4720,0,0,0,True,4730.0,84977.92
4730,0,0,0,True,4740.0,84977.92
4740,0,0,0,True,4750.0,84977.92
4750,0,0,0,True,4760.0,84977.92
4760,0,0,0,True,4770.0,84977.92
4770,0,0,0,True,4780.0,84977.92
4780,0,0,0,True,4790.0,84977.92
4790,0,0,0,True,4800.0,84977.92
4800,0,0,0,True,4810.0,84977.92
4810,0,0,0,True,4820.0,84977.92
4820,0,0,0,True,4830.0,84977.92
4830,0,0,0,True,4840.0,84977.92
4840,0,0,0,True,4850.0,84977.92
4850,0,0,0,True,4860.0,84977.92
4860,0,0,0,True,4870.0,84977.92
4870,0,0,0,True,4880.0,84977.92
4880,0,0,0,True,4890.0,84977.92
4890,0,0,0,True,4900.0,84977.92
4900,0,0,0,True,4910.0,84977.92
4910,0,0,0,True,4920.0,84977.92
4920,0,0,0,True,4930.0,84977.92
4930,0,0,0,True,4940.0,84977.92
4940,0,0,0,True,4950.0,84977.92
4950,0,0,0,True,4960.0,84977.92
4960,0,0,0,True,4970.0,84977.92
4970,0,0,0,True,4980.0,84977.92
4980,0,0,0,True,4990.0,84977.92
4990,0,0,0,True,5000.0,84977.92
5000,0,0,0,True,5010.0,119271.04
5010,0,0,0,True,5020.0,119271.04
5020,0,0,0,True,5030.0,119271.04
5030,0,0,0,True,5040.0,119271.04
5040,0,0,0,True,5050.0,119271.04
5050,0,0,0,True,5060.0,119271.04
5060,0,0,0,True,5070.0,119271.04
5070,0,0,0,True,5080.0,119271.04
5080,0,0,0,True,5090.0,119271.04
5090,0,0,0,True,5100.0,119271.04
5100,0,0,0,True,5110.0,119271.04
5110,0,0,0,True,5120.0,119271.04
5120,0,0,0,True,5130.0,119271.04
5130,0,0,0,True,5140.0,119271.04
5140,0,0,0,True,5150.0,119271.04
5150,0,0,0,True,5160.0,119271.04
5160,0,0,0,True,5170.0,119271.04
5170,0,0,0,True,5180.0,119271.04
5180,0,0,0,True,5190.0,119271.04
5190,0,0,0,True,5200.0,119271.04
5200,0,0,0,True,5210.0,119271.04
5210,0,0,0,True,5220.0,119271.04
5220,0,0,0,True,5230.0,119271.04
5230,0,0,0,True,5240.0,119271.04
5240,0,0,0,True,5250.0,119271.04
5250,0,0,0,True,5260.0,119271.04
5260,0,0,0,True,5270.0,119271.04
5270,0,0,0,True,5280.0,119271.04
5280,0,0,0,True,5290.0,119271.04
5290,0,0,0,True,5300.0,119271.04
5300,0,0,0,True,5310.0,119271.04
5310,0,0,0,True,5320.0,119271.04
5320,0,0,0,True,5330.0,119271.04
5330,0,0,0,True,5340.0,119271.04
5340,0,0,0,True,5350.0,119271.04
5350,0,0,0,True,5360.0,119271.04
5360,0,0,0,True,5370.0,119271.04
5370,0,0,0,True,5380.0,119271.04
5380,0,0,0,True,5390.0,119271.04
5390,0,0,0,True,5400.0,119271.04
5400,0,0,0,True,5410.0,119271.04
5410,0,0,0,True,5420.0,119271.04
5420,0,0,0,True,5430.0,119271.04
5430,0,0,0,True,5440.0,119271.04
5440,0,0,0,True,5450.0,119271.04
5450,0,0,0,True,5460.0,119271.04
5460,0,0,0,True,5470.0,119271.04
5470,0,0,0,True,5480.0,119271.04
5480,0,0,0,True,5490.0,119271.04
5490,0,0,0,True,5500.0,119271.04
5500,0,0,0,True,5510.0,119271.04
5510,0,0,0,True,5520.0,119271.04
5520,0,0,0,True,5530.0,119271.04
5530,0,0,0,True,5540.0,119271.04
5540,0,0,0,True,5550.0,119271.04
5550,0,0,0,True,5560.0,119271.04
5560,0,0,0,True,5570.0,119271.04
5570,0,0,0,True,5580.0,119271.04
5580,0,0,0,True,5590.0,119271.04
5590,0,0,0,True,5600.0,119271.04
5600,0,0,0,True,5610.0,119271.04
5610,0,0,0,True,5620.0,119271.04
5620,0,0,0,True,5630.0,119271.04
5630,0,0,0,True,5640.0,119271.04
5640,0,0,0,True,5650.0,119271.04
5650,0,0,0,True,5660.0,119271.04
5660,0,0,0,True,5670.0,119271.04
5670,0,0,0,True,5680.0,119271.04
5680,0,0,0,True,5690.0,119271.04
5690,0,0,0,True,5700.0,119271.04
5700,0,0,0,True,5710.0,119271.04
5710,0,0,0,True,5720.0,119271.04
5720,0,0,0,True,5730.0,119271.04
5730,0,0,0,True,5740.0,119271.04
5740,0,0,0,True,5750.0,119271.04
5750,0,0,0,True,5760.0,119271.04
5760,0,0,0,True,5770.0,119271.04
5770,0,0,0,True,5780.0,119271.04
5780,0,0,0,True,5790.0,119271.04
5790,0,0,0,True,5800.0,119271.04
5800,0,0,0,True,5810.0,119271.04
5810,0,0,0,True,5820.0,119271.04
5820,0,0,0,True,5830.0,119271.04
5830,0,0,0,True,5840.0,119271.04
5840,0,0,0,True,5850.0,119271.04
5850,0,0,0,True,5860.0,119271.04
5860,0,0,0,True,5870.0,119271.04
5870,0,0,0,True,5880.0,119271.04
5880,0,0,0,True,5890.0,119271.04
5890,0,0,0,True,5900.0,119271.04
5900,0,0,0,True,5910.0,119271.04
5910,0,0,0,True,5920.0,119271.04
5920,0,0,0,True,5930.0,119271.04
5930,0,0,0,True,5940.0,119271.04
5940,0,0,0,True,5950.0,119271.04
5950,0,0,0,True,5960.0,119271.04
5960,0,0,0,True,5970.0,119271.04
5970,0,0,0,True,5980.0,119271.04
5980,0,0,0,True,5990.0,119271.04
5990,0,0,0,True,6000.0,119271.04
6000,0,0,0,True,6010.0,121427.84
6010,0,0,0,True,6020.0,121427.84
6020,0,0,0,True,6030.0,121427.84
6030,0,0,0,True,6040.0,121427.84
6040,0,0,0,True,6050.0,121427.84
6050,0,0,0,True,6060.0,121427.84
6060,0,0,0,True,6070.0,121427.84
6070,0,0,0,True,6080.0,121427.84
6080,0,0,0,True,6090.0,121427.84
6090,0,0,0,True,6100.0,121427.84
6100,0,0,0,True,6110.0,121427.84
6110,0,0,0,True,6120.0,121427.84
6120,0,0,0,True,6130.0,121427.84
6130,0,0,0,True,6140.0,121427.84
6140,0,0,0,True,6150.0,121427.84
6150,0,0,0,True,6160.0,121427.84
6160,0,0,0,True,6170.0,121427.84
6170,0,0,0,True,6180.0,121427.84
6180,0,0,0,True,6190.0,121427.84
6190,0,0,0,True,6200.0,121427.84
6200,0,0,0,True,6210.0,121427.84
6210,0,0,0,True,6220.0,121427.84
6220,0,0,0,True,6230.0,121427.84
6230,0,0,0,True,6240.0,121427.84
6240,0,0,0,True,6250.0,121427.84
6250,0,0,0,True,6260.0,121427.84
6260,0,0,0,True,6270.0,121427.84
6270,0,0,0,True,6280.0,121427.84
6280,0,0,0,True,6290.0,121427.84
6290,0,0,0,True,6300.0,121427.84
6300,0,0,0,True,6310.0,121427.84
6310,0,0,0,True,6320.0,121427.84
6320,0,0,0,True,6330.0,121427.84
6330,0,0,0,True,6340.0,121427.84
6340,0,0,0,True,6350.0,121427.84
6350,0,0,0,True,6360.0,121427.84
6360,0,0,0,True,6370.0,121427.84
6370,0,0,0,True,6380.0,121427.84
6380,0,0,0,True,6390.0,121427.84
6390,0,0,0,True,6400.0,121427.84
6400,0,0,0,True,6410.0,121427.84
6410,0,0,0,True,6420.0,121427.84
6420,0,0,0,True,6430.0,121427.84
6430,0,0,0,True,6440.0,121427.84
6440,0,0,0,True,6450.0,121427.84
6450,0,0,0,True,6460.0,121427.84
6460,0,0,0,True,6470.0,121427.84
6470,0,0,0,True,6480.0,121427.84
6480,0,0,0,True,6490.0,121427.84
6490,0,0,0,True,6500.0,121427.84
6500,0,0,0,True,6510.0,121427.84
6510,0,0,0,True,6520.0,121427.84
6520,0,0,0,True,6530.0,121427.84
6530,0,0,0,True,6540.0,121427.84
6540,0,0,0,True,6550.0,121427.84
6550,0,0,0,True,6560.0,121427.84
6560,0,0,0,True,6570.0,121427.84
6570,0,0,0,True,6580.0,121427.84
6580,0,0,0,True,6590.0,121427.84
6590,0,0,0,True,6600.0,121427.84
6600,0,0,0,True,6610.0,121427.84
6610,0,0,0,True,6620.0,121427.84
6620,0,0,0,True,6630.0,121427.84
6630,0,0,0,True,6640.0,121427.84
6640,0,0,0,True,6650.0,121427.84
6650,0,0,0,True,6660.0,121427.84
6660,0,0,0,True,6670.0,121427.84
6670,0,0,0,True,6680.0,121427.84
6680,0,0,0,True,6690.0,121427.84
6690,0,0,0,True,6700.0,121427.84
6700,0,0,0,True,6710.0,121427.84
6710,0,0,0,True,6720.0,121427.84
6720,0,0,0,True,6730.0,121427.84
6730,0,0,0,True,6740.0,121427.84
6740,0,0,0,True,6750.0,121427.84
6750,0,0,0,True,6760.0,121427.84
6760,0,0,0,True,6770.0,121427.84
6770,0,0,0,True,6780.0,121427.84
6780,0,0,0,True,6790.0,121427.84
6790,0,0,0,True,6800.0,121427.84
6800,0,0,0,True,6810.0,121427.84
6810,0,0,0,True,6820.0,121427.84
6820,0,0,0,True,6830.0,121427.84
6830,0,0,0,True,6840.0,121427.84
6840,0,0,0,True,6850.0,121427.84
6850,0,0,0,True,6860.0,121427.84
6860,0,0,0,True,6870.0,121427.84
6870,0,0,0,True,6880.0,121427.84
6880,0,0,0,True,6890.0,121427.84
6890,0,0,0,True,6900.0,121427.84
6900,0,0,0,True,6910.0,121427.84
6910,0,0,0,True,6920.0,121427.84
6920,0,0,0,True,6930.0,121427.84
6930,0,0,0,True,6940.0,121427.84
6940,0,0,0,True,6950.0,121427.84
6950,0,0,0,True,6960.0,121427.84
6960,0,0,0,True,6970.0,121427.84
6970,0,0,0,True,6980.0,121427.84
6980,0,0,0,True,6990.0,121427.84
6990,0,0,0,True,7000.0,121427.84
7000,0,0,0,True,7010.0,163649.28
7010,0,0,0,True,7020.0,163649.28
7020,0,0,0,True,7030.0,163649.28
7030,0,0,0,True,7040.0,163649.28
7040,0,0,0,True,7050.0,163649.28
7050,0,0,0,True,7060.0,163649.28
7060,0,0,0,True,7070.0,163649.28
7070,0,0,0,True,7080.0,163649.28
7080,0,0,0,True,7090.0,163649.28
7090,0,0,0,True,7100.0,163649.28
7100,0,0,0,True,7110.0,163649.28
7110,0,0,0,True,7120.0,163649.28
7120,0,0,0,True,7130.0,163649.28
7130,0,0,0,True,7140.0,163649.28
7140,0,0,0,True,7150.0,163649.28
7150,0,0,0,True,7160.0,163649.28
7160,0,0,0,True,7170.0,163649.28
7170,0,0,0,True,7180.0,163649.28
7180,0,0,0,True,7190.0,163649.28
7190,0,0,0,True,7200.0,163649.28
7200,0,0,0,True,7210.0,163649.28
7210,0,0,0,True,7220.0,163649.28
7220,0,0,0,True,7230.0,163649.28
7230,0,0,0,True,7240.0,163649.28
7240,0,0,0,True,7250.0,163649.28
7250,0,0,0,True,7260.0,163649.28
7260,0,0,0,True,7270.0,163649.28
7270,0,0,0,True,7280.0,163649.28
7280,0,0,0,True,7290.0,163649.28
7290,0,0,0,True,7300.0,163649.28
7300,0,0,0,True,7310.0,163649.28
7310,0,0,0,True,7320.0,163649.28
7320,0,0,0,True,7330.0,163649.28
7330,0,0,0,True,7340.0,163649.28
7340,0,0,0,True,7350.0,163649.28
7350,0,0,0,True,7360.0,163649.28
7360,0,0,0,True,7370.0,163649.28
7370,0,0,0,True,7380.0,163649.28
7380,0,0,0,True,7390.0,163649.28
7390,0,0,0,True,7400.0,163649.28
7400,0,0,0,True,7410.0,163649.28
7410,0,0,0,True,7420.0,163649.28
7420,0,0,0,True,7430.0,163649.28
7430,0,0,0,True,7440.0,163649.28
7440,0,0,0,True,7450.0,163649.28
7450,0,0,0,True,7460.0,163649.28
7460,0,0,0,True,7470.0,163649.28
7470,0,0,0,True,7480.0,163649.28
7480,0,0,0,True,7490.0,163649.28
7490,0,0,0,True,7500.0,163649.28
7500,0,0,0,True,7510.0,163649.28
7510,0,0,0,True,7520.0,163649.28
7520,0,0,0,True,7530.0,163649.28
7530,0,0,0,True,7540.0,163649.28
7540,0,0,0,True,7550.0,163649.28
7550,0,0,0,True,7560.0,163649.28
7560,0,0,0,True,7570.0,163649.28
7570,0,0,0,True,7580.0,163649.28
7580,0,0,0,True,7590.0,163649.28
7590,0,0,0,True,7600.0,163649.28
7600,0,0,0,True,7610.0,163649.28
7610,0,0,0,True,7620.0,163649.28
7620,0,0,0,True,7630.0,163649.28
7630,0,0,0,True,7640.0,163649.28
7640,0,0,0,True,7650.0,163649.28
7650,0,0,0,True,7660.0,163649.28
7660,0,0,0,True,7670.0,163649.28
7670,0,0,0,True,7680.0,163649.28
7680,0,0,0,True,7690.0,163649.28
7690,0,0,0,True,7700.0,163649.28
7700,0,0,0,True,7710.0,163649.28
7710,0,0,0,True,7720.0,163649.28
7720,0,0,0,True,7730.0,163649.28
7730,0,0,0,True,7740.0,163649.28
7740,0,0,0,True,7750.0,163649.28
7750,0,0,0,True,7760.0,163649.28
7760,0,0,0,True,7770.0,163649.28
7770,0,0,0,True,7780.0,163649.28
7780,0,0,0,True,7790.0,163649.28
7790,0,0,0,True,7800.0,163649.28
7800,0,0,0,True,7810.0,163649.28
7810,0,0,0,True,7820.0,163649.28
7820,0,0,0,True,7830.0,163649.28
7830,0,0,0,True,7840.0,163649.28
7840,0,0,0,True,7850.0,163649.28
7850,0,0,0,True,7860.0,163649.28
7860,0,0,0,True,7870.0,163649.28
7870,0,0,0,True,7880.0,163649.28
7880,0,0,0,True,7890.0,163649.28
7890,0,0,0,True,7900.0,163649.28
7900,0,0,0,True,7910.0,163649.28
7910,0,0,0,True,7920.0,163649.28
7920,0,0,0,True,7930.0,163649.28
7930,0,0,0,True,7940.0,163649.28
7940,0,0,0,True,7950.0,163649.28
7950,0,0,0,True,7960.0,163649.28
7960,0,0,0,True,7970.0,163649.28
7970,0,0,0,True,7980.0,163649.28
7980,0,0,0,True,7990.0,163649.28
7990,0,0,0,True,8000.0,163649.28
8000,0,0,0,True,8010.0,209101.76
8010,0,0,0,True,8020.0,209101.76
8020,0,0,0,True,8030.0,209101.76
8030,0,0,0,True,8040.0,209101.76
8040,0,0,0,True,8050.0,209101.76
8050,0,0,0,True,8060.0,209101.76
8060,0,0,0,True,8070.0,209101.76
8070,0,0,0,True,8080.0,209101.76
8080,0,0,0,True,8090.0,209101.76
8090,0,0,0,True,8100.0,209101.76
8100,0,0,0,True,8110.0,209101.76
8110,0,0,0,True,8120.0,209101.76
8120,0,0,0,True,8130.0,209101.76
8130,0,0,0,True,8140.0,209101.76
8140,0,0,0,True,8150.0,209101.76
8150,0,0,0,True,8160.0,209101.76
8160,0,0,0,True,8170.0,209101.76
8170,0,0,0,True,8180.0,209101.76
8180,0,0,0,True,8190.0,209101.76
8190,0,0,0,True,8200.0,209101.76
8200,0,0,0,True,8210.0,209101.76
8210,0,0,0,True,8220.0,209101.76
8220,0,0,0,True,8230.0,209101.76
8230,0,0,0,True,8240.0,209101.76
8240,0,0,0,True,8250.0,209101.76
8250,0,0,0,True,8260.0,209101.76
8260,0,0,0,True,8270.0,209101.76
8270,0,0,0,True,8280.0,209101.76
8280,0,0,0,True,8290.0,209101.76
8290,0,0,0,True,8300.0,209101.76
8300,0,0,0,True,8310.0,209101.76
8310,0,0,0,True,8320.0,209101.76
8320,0,0,0,True,8330.0,209101.76
8330,0,0,0,True,8340.0,209101.76
8340,0,0,0,True,8350.0,209101.76
8350,0,0,0,True,8360.0,209101.76
8360,0,0,0,True,8370.0,209101.76
8370,0,0,0,True,8380.0,209101.76
8380,0,0,0,True,8390.0,209101.76
8390,0,0,0,True,8400.0,209101.76
8400,0,0,0,True,8410.0,209101.76
8410,0,0,0,True,8420.0,209101.76
8420,0,0,0,True,8430.0,209101.76
8430,0,0,0,True,8440.0,209101.76
8440,0,0,0,True,8450.0,209101.76
8450,0,0,0,True,8460.0,209101.76
8460,0,0,0,True,8470.0,209101.76
8470,0,0,0,True,8480.0,209101.76
8480,0,0,0,True,8490.0,209101.76
8490,0,0,0,True,8500.0,209101.76
8500,0,0,0,True,8510.0,209101.76
8510,0,0,0,True,8520.0,209101.76
8520,0,0,0,True,8530.0,209101.76
8530,0,0,0,True,8540.0,209101.76
8540,0,0,0,True,8550.0,209101.76
8550,0,0,0,True,8560.0,209101.76
8560,0,0,0,True,8570.0,209101.76
8570,0,0,0,True,8580.0,209101.76
8580,0,0,0,True,8590.0,209101.76
8590,0,0,0,True,8600.0,209101.76
8600,0,0,0,True,8610.0,209101.76
8610,0,0,0,True,8620.0,209101.76
8620,0,0,0,True,8630.0,209101.76
8630,0,0,0,True,8640.0,209101.76
8640,0,0,0,True,8650.0,209101.76
8650,0,0,0,True,8660.0,209101.76
8660,0,0,0,True,8670.0,209101.76
8670,0,0,0,True,8680.0,209101.76
8680,0,0,0,True,8690.0,209101.76
8690,0,0,0,True,8700.0,209101.76
8700,0,0,0,True,8710.0,209101.76
8710,0,0,0,True,8720.0,209101.76
8720,0,0,0,True,8730.0,209101.76
8730,0,0,0,True,8740.0,209101.76
8740,0,0,0,True,8750.0,209101.76
8750,0,0,0,True,8760.0,209101.76
8760,0,0,0,True,8770.0,209101.76
8770,0,0,0,True,8780.0,209101.76
8780,0,0,0,True,8790.0,209101.76
8790,0,0,0,True,8800.0,209101.76
8800,0,0,0,True,8810.0,209101.76
8810,0,0,0,True,8820.0,209101.76
8820,0,0,0,True,8830.0,209101.76
8830,0,0,0,True,8840.0,209101.76
8840,0,0,0,True,8850.0,209101.76
8850,0,0,0,True,8860.0,209101.76
8860,0,0,0,True,8870.0,209101.76
8870,0,0,0,True,8880.0,209101.76
8880,0,0,0,True,8890.0,209101.76
8890,0,0,0,True,8900.0,209101.76
8900,0,0,0,True,8910.0,209101.76
8910,0,0,0,True,8920.0,209101.76
8920,0,0,0,True,8930.0,209101.76
8930,0,0,0,True,8940.0,209101.76
8940,0,0,0,True,8950.0,209101.76
8950,0,0,0,True,8960.0,209101.76
8960,0,0,0,True,8970.0,209101.76
8970,0,0,0,True,8980.0,209101.76
8980,0,0,0,True,8990.0,209101.76
8990,0,0,0,True,9000.0,209101.76
9000,0,0,0,True,9010.0,211689.92
9010,0,0,0,True,9020.0,211689.92
9020,0,0,0,True,9030.0,211689.92
9030,0,0,0,True,9040.0,211689.92
9040,0,0,0,True,9050.0,211689.92
9050,0,0,0,True,9060.0,211689.92
9060,0,0,0,True,9070.0,211689.92
9070,0,0,0,True,9080.0,211689.92
9080,0,0,0,True,9090.0,211689.92
9090,0,0,0,True,9100.0,211689.92
9100,0,0,0,True,9110.0,211689.92
9110,0,0,0,True,9120.0,211689.92
9120,0,0,0,True,9130.0,211689.92
9130,0,0,0,True,9140.0,211689.92
9140,0,0,0,True,9150.0,211689.92
9150,0,0,0,True,9160.0,211689.92
9160,0,0,0,True,9170.0,211689.92
9170,0,0,0,True,9180.0,211689.92
9180,0,0,0,True,9190.0,211689.92
9190,0,0,0,True,9200.0,211689.92
9200,0,0,0,True,9210.0,211689.92
9210,0,0,0,True,9220.0,211689.92
9220,0,0,0,True,9230.0,211689.92
9230,0,0,0,True,9240.0,211689.92
9240,0,0,0,True,9250.0,211689.92
9250,0,0,0,True,9260.0,211689.92
9260,1073001.0632,1550445242.1416054,0.0,False,9270.0,95750.07999966983
9270,1071307.1872,1612952085.0065558,0.0,False,9270.0,211689.92
9280,1069137.9152,1676230094.4664092,0.0,False,9270.0,211689.92
9290,1067756.2176,1726972721.8726501,0.0,False,9270.0,211689.92
9300,1065994.3408,1763581235.6406555,0.0,False,9270.0,211689.92
9310,1064116.2088,1795300515.6124024,0.0,False,9270.0,211689.92
9320,1063485.692,1802122498.050736,0.0,False,9270.0,211689.92
9330,1063032.7512,1811692130.7140985,0.0,False,9270.0,211689.92
9340,1062600.6072,1814088919.4121077,0.0,False,9270.0,211689.92
9350,1061945.9432,1824479098.8815734,0.0,False,9270.0,211689.92
9360,1061076.7088,1832381254.9920022,0.0,False,9270.0,211689.92
9370,1060267.3152,1839320602.1070492,0.0,False,9270.0,211689.92
9380,1059250.3176,1841548687.5487304,0.0,False,9270.0,211689.92
9390,1058472.5208,1838548982.7095675,0.0,False,9270.0,211689.92
9400,1057888.7344,1838789108.8366566,0.0,False,9270.0,211689.92
9410,1057336.9528,1833515162.2745724,0.0,False,9270.0,211689.92
9420,1057066.5488,1832220481.9964187,0.0,False,9270.0,211689.92
9430,1056793.0744,1829604566.3800647,0.0,False,9270.0,211689.92
9440,1056408.04,1827342226.0112,0.0,False,9270.0,211689.92
9450,1055815.0864,1818259507.4597347,0.0,False,9270.0,211689.92
9460,1055353.7808,1812251310.956751,0.0,False,9270.0,211689.92
9470,1054910.1168,1804448037.2919579,0.0,False,9270.0,211689.92
9480,1054404.912,1795154800.9602563,0.0,False,9270.0,211689.92
9490,1054114.6032,1788167294.7049496,0.0,False,9270.0,211689.92
9500,1053683.8864,1781635183.827095,0.0,False,9270.0,211689.92
9510,1053300.8856,1768933627.8125124,0.0,False,9270.0,211689.92
9520,1053119.5984,1763657071.5315175,0.0,False,9270.0,211689.92
9530,1052883.9032,1759678065.33303,0.0,False,9270.0,211689.92
9540,1052719.9704,1755188030.330324,0.0,False,9270.0,211689.92
9550,1052300.8256,1737677982.4415846,0.0,False,9270.0,211689.92
9560,1052032.4576,1727151725.3554022,0.0,False,9270.0,211689.92
9570,1051821.1256,1724737841.1122246,0.0,False,9270.0,211689.92
9580,1051684.804,1718689877.361584,0.0,False,9270.0,211689.92
9590,1051629.7856,1714435748.8052328,0.0,False,9270.0,211689.92
9600,1051403.052,1707000133.7012959,0.0,False,9270.0,211689.92
9610,1051179.5152,1698122315.6689687,0.0,False,9270.0,211689.92
9620,1051030.5376,1692202149.4037862,0.0,False,9270.0,211689.92
9630,1050866.0408,1684886284.6911354,0.0,False,9270.0,211689.92
9640,1050665.3648,1673636954.338921,0.0,False,9270.0,211689.92
9650,1050462.7896,1665314996.254932,0.0,False,9270.0,211689.92
9660,1050322.7936,1657970218.7685988,0.0,False,9270.0,211689.92
9670,1050219.4624,1650099701.3237863,0.0,False,9270.0,211689.92
9680,1050096.7912,1640489877.3660028,0.0,False,9270.0,211689.92
9690,1050066.5832,1633092147.2518778,0.0,False,9270.0,211689.92
9700,1050050.5544,1626136183.2526407,0.0,False,9270.0,211689.92
9710,1049881.6768,1614967828.1163418,0.0,False,9270.0,211689.92
9720,1049826.9896,1606062560.6670918,0.0,False,9270.0,211689.92
9730,1049837.2784,1605326346.4616933,0.0,False,9270.0,211689.92
9740,1049783.8032,1598877231.5356696,0.0,False,9270.0,211689.92
9750,1049760.2776,1596687653.463738,0.0,False,9270.0,211689.92
9760,1049898.06,1594841753.1916,0.0,False,9270.0,211689.92
9770,1049990.4504,1589095854.1027398,0.0,False,9270.0,211689.92
9780,1050163.5328,1590884898.226524,0.0,False,9270.0,211689.92
9790,1050251.6968,1584804678.79927,0.0,False,9270.0,211689.92
9800,1050265.784,1583843830.308544,0.0,False,9270.0,211689.92
9810,1050397.9984,1579549522.9951975,0.0,False,9270.0,211689.92
9820,1050453.952,1578536476.8872962,0.0,False,9270.0,211689.92
9830,1050424.8216,1571625238.5233734,0.0,False,9270.0,211689.92
9840,1050427.8264,1567146277.088263,0.0,False,9270.0,211689.92
9850,1050447.7672,1560501978.4562044,0.0,False,9270.0,211689.92
9860,1050426.3192,1560077095.4293113,0.0,False,9270.0,211689.92
9870,1050447.2616,1558027974.6851654,0.0,False,9270.0,211689.92
9880,1050558.612,1556323457.5022562,0.0,False,9270.0,211689.92
9890,1050550.7872,1557662032.394716,0.0,False,9270.0,211689.92
9900,1050527.8248,1555937840.889305,0.0,False,9270.0,211689.92
9910,1050557.0704,1556033829.9230437,0.0,False,9270.0,211689.92
9920,1050538.1712,1554016852.2714906,0.0,False,9270.0,211689.92
9930,1050586.4472,1551062493.779212,0.0,False,9270.0,211689.92
9940,1050582.9072,1552688117.656988,0.0,False,9270.0,211689.92
9950,1050598.7976,1550565080.4374342,0.0,False,9270.0,211689.92
9960,1050616.288,1550285984.7618563,0.0,False,9270.0,211689.92
9970,1050683.6368,1546381179.2408857,0.0,False,9270.0,211689.92
9980,1050685.0816,1543691026.3341415,0.0,False,9270.0,211689.92
9990,1050590.6856,1540068442.1395528,0.0,False,9270.0,211689.92
10000,1050508.2376,1531898889.538746,0.0,False,9270.0,225169.92
10010,1050255.116,1527285249.540144,0.0,False,9270.0,225169.92
10020,1050065.8232,1520478594.0183418,0.0,False,9270.0,225169.92
10030,1049983.4096,1510268952.1666276,0.0,False,9270.0,225169.92
10040,1049905.9384,1505105825.8282056,0.0,False,9270.0,225169.92
10050,1049684.9776,1493897669.537098,0.0,False,9270.0,225169.92
10060,1049640.6248,1487483428.792025,0.0,False,9270.0,225169.92
10070,1049408.708,1475620173.9483364,0.0,False,9270.0,225169.92
10080,1049227.6864,1472681244.164055,0.0,False,9270.0,225169.92
10090,1049222.4032,1468366234.94143,0.0,False,9270.0,225169.92
10100,1049053.412,1457046575.8030558,0.0,False,9270.0,225169.92
10110,1048832.2872,1441656213.1767163,0.0,False,9270.0,225169.92
10120,1048730.0392,1437989085.9488633,0.0,False,9270.0,225169.92
10130,1048671.26,1432437772.19,0.0,False,9270.0,225169.92
10140,1048567.152,1422701842.0808961,0.0,False,9270.0,225169.92
10150,1048437.336,1410777044.3399038,0.0,False,9270.0,225169.92
10160,1048317.8928,1396445281.121308,0.0,False,9270.0,225169.92
10170,1048305.9984,1391603052.6815972,0.0,False,9270.0,225169.92
10180,1048213.4752,1388167889.8173847,0.0,False,9270.0,225169.92
10190,1048148.18,1378766312.7628,0.0,False,9270.0,225169.92
10200,1048246.6352,1374052402.8925211,0.0,False,9270.0,225169.92
10210,1048238.6504,1366597071.8121798,0.0,False,9270.0,225169.92
10220,1048252.3072,1361987098.753628,0.0,False,9270.0,225169.92
10230,1048332.2056,1364080113.3385286,0.0,False,9270.0,225169.92
10240,1048422.3296,1360083985.4049637,0.0,False,9270.0,225169.92
10250,1048504.9416,1362073652.7629895,0.0,False,9270.0,225169.92
10260,1048603.3896,1361607523.9778118,0.0,False,9270.0,225169.92
10270,1048662.412,1357893343.1854558,0.0,False,9270.0,225169.92
10280,1048678.004,1356071087.284784,0.0,False,9270.0,225169.92
10290,1048756.9592,1354933945.3023355,0.0,False,9270.0,225169.92
10300,1048946.2704,1354698404.4292836,0.0,False,9270.0,225169.92
10310,1049146.2816,1356907522.4647017,0.0,False,9270.0,225169.92
10320,1049272.6984,1355864214.8674376,0.0,False,9270.0,225169.92
10330,1049364.6664,1356423651.973511,0.0,False,9270.0,225169.92
10340,1049422.592,1352828940.8623362,0.0,False,9270.0,225169.92
10350,1049589.0128,1359702254.903836,0.0,False,9270.0,225169.92
10360,1049995.2128,1354727372.2283163,0.0,False,9270.0,225169.92
10370,1049977.7608,1352151340.885183,0.0,False,9270.0,225169.92
10380,1050263.8824,1360659481.3797703,0.0,False,9270.0,225169.92
10390,1050387.3,1358618388.6476,0.0,False,9270.0,225169.92
10400,1050528.8888,1357932306.0500348,0.0,False,9270.0,225169.92
10410,1050761.4712,1359463975.1523702,0.0,False,9270.0,225169.92
10420,1050902.3608,1358851400.5242233,0.0,False,9270.0,225169.92
10430,1051096.5008,1359494028.6643994,0.0,False,9270.0,225169.92
10440,1051245.0976,1362933333.3840742,0.0,False,9270.0,225169.92
10450,1051585.8088,1354302466.9890425,0.0,False,9270.0,225169.92
10460,1051729.1528,1353715215.315852,0.0,False,9270.0,225169.92
10470,1051747.756,1351970382.0732641,0.0,False,9270.0,225169.92
10480,1051955.2648,1345232503.518681,0.0,False,9270.0,225169.92
10490,1052091.2248,1344006387.007065,0.0,False,9270.0,225169.92
10500,1052231.4896,1340718995.733092,0.0,False,9270.0,225169.92
10510,1052495.3208,1334123682.2154875,0.0,False,9270.0,225169.92
10520,1052576.1784,1334860731.9729733,0.0,False,9270.0,225169.92
10530,1052761.2648,1331909130.565081,0.0,False,9270.0,225169.92
10540,1052879.9832,1332414971.8797178,0.0,False,9270.0,225169.92
10550,1053009.9624,1324238526.8385863,0.0,False,9270.0,225169.92
10560,1053034.1944,1322089049.0166087,0.0,False,9270.0,225169.92
10570,1053111.232,1323248012.594176,0.0,False,9270.0,225169.92
10580,1053166.4824,1323056475.6824903,0.0,False,9270.0,225169.92
10590,1053222.3656,1321747457.4647367,0.0,False,9270.0,225169.92
10600,1053336.3784,1317967418.6872134,0.0,False,9270.0,225169.92
10610,1053552.764,1323928432.1795037,0.0,False,9270.0,225169.92
10620,1053758.9584,1328501723.4526696,0.0,False,9270.0,225169.92
10630,1053764.8256,1331864812.6303847,0.0,False,9270.0,225169.92
10640,1053827.88,1337081346.5904,0.0,False,9270.0,225169.92
10650,1053855.644,1340615764.5500638,0.0,False,9270.0,225169.92
10660,1053872.4552,1341798952.939993,0.0,False,9270.0,225169.92
10670,1053886.1336,1346974613.5933511,0.0,False,9270.0,225169.92
10680,1053953.6544,1348663672.4373605,0.0,False,9270.0,225169.92
10690,1053992.7056,1348820988.7149286,0.0,False,9270.0,225169.92
10700,1054044.3992,1349101887.8774393,0.0,False,9270.0,225169.92
10710,1054044.8552,1351373078.0190327,0.0,False,9270.0,225169.92
10720,1054078.1192,1352488604.5121913,0.0,False,9270.0,225169.92
10730,1054160.9768,1353331359.1082618,0.0,False,9270.0,225169.92
10740,1054320.4744,1356394807.1845443,0.0,False,9270.0,225169.92
10750,1054376.8688,1357356987.2035866,0.0,False,9270.0,225169.92
10760,1054395.7368,1357571424.9307256,0.0,False,9270.0,225169.92
10770,1054454.5016,1355009204.3803976,0.0,False,9270.0,225169.92
10780,1054498.3128,1351360483.7885563,0.0,False,9270.0,225169.92
10790,1054504.4264,1348596644.635783,0.0,False,9270.0,225169.92
10800,1054488.6248,1347792670.692825,0.0,False,9270.0,225169.92
10810,1054582.4336,1346475710.503191,0.0,False,9270.0,225169.92
10820,1054555.2904,1344740644.3076677,0.0,False,9270.0,225169.92
10830,1054556.0416,1341486006.5294693,0.0,False,9270.0,225169.92
10840,1054636.3632,1340514170.1560855,0.0,False,9270.0,225169.92
10850,1054665.9696,1336953887.2694757,0.0,False,9270.0,225169.92
10860,1054670.224,1335252523.345024,0.0,False,9270.0,225169.92
10870,1054675.1736,1335956884.6434631,0.0,False,9270.0,225169.92
10880,1054763.8296,1332900040.983764,0.0,False,9270.0,225169.92
10890,1054869.1368,1335755005.8164856,0.0,False,9270.0,225169.92
10900,1054975.4536,1337880443.066247,0.0,False,9270.0,225169.92
10910,1055002.3328,1338646290.324444,0.0,False,9270.0,225169.92
10920,1055141.904,1340826550.675584,0.0,False,9270.0,225169.92
10930,1055175.6648,1345180574.570841,0.0,False,9270.0,225169.92
10940,1055384.3792,1349220375.4626074,0.0,False,9270.0,225169.92
10950,1055691.0792,1358045428.7889273,0.0,False,9270.0,225169.92
10960,1055859.1296,1360835319.3896039,0.0,False,9270.0,225169.92
10970,1056037.4696,1367540882.769876,0.0,False,9270.0,225169.92
10980,1056081.1384,1367504026.9936457,0.0,False,9270.0,225169.92
10990,1056353.756,1370855673.074864,0.0,False,9270.0,225169.92
11000,1056617.9784,1378293742.8939333,0.0,False,9270.0,258061.12
11010,1056826.6456,1380839822.5512009,0.0,False,9270.0,258061.12
11020,1056882.7672,1382456527.9794042,0.0,False,9270.0,258061.12
11030,1057100.148,1382247047.486896,0.0,False,9270.0,258061.12
11040,1057176.7776,1383968645.0625381,0.0,False,9270.0,258061.12
11050,1057489.1224,1391186170.578618,0.0,False,9270.0,258061.12
11060,1057640.512,1393717542.880256,0.0,False,9270.0,258061.12
11070,1057875.7712,1395836632.3604507,0.0,False,9270.0,258061.12
11080,1057987.3496,1395233613.74818,0.0,False,9270.0,258061.12
11090,1058123.836,1397429594.262704,0.0,False,9270.0,258061.12
11100,1058289.2488,1394720580.8132985,0.0,False,9270.0,258061.12
11110,1058391.6632,1395197835.731366,0.0,False,9270.0,258061.12
11120,1058460.352,1394166742.8872962,0.0,False,9270.0,258061.12
11130,1058507.0512,1394538258.5845785,0.0,False,9270.0,258061.12
11140,1058582.016,1395916762.422144,0.0,False,9270.0,258061.12
11150,1058819.3712,1402551432.1998107,0.0,False,9270.0,258061.12
11160,1058955.3552,1399083362.0354328,0.0,False,9270.0,258061.12
11170,1059189.0248,1409111024.7113848,0.0,False,9270.0,258061.12
11180,1059304.8648,1410123820.549721,0.0,False,9270.0,258061.12
11190,1059383.524,1407466799.9254239,0.0,False,9270.0,258061.12
11200,1059549.8632,1407172865.1156855,0.0,False,9270.0,258061.12
11210,1059611.1512,1409688562.6059384,0.0,False,9270.0,258061.12
11220,1059642.5912,1409944467.3640826,0.0,False,9270.0,258061.12
11230,1059775.5,1414073219.6204,0.0,False,9270.0,258061.12
11240,1059909.3096,1414431454.6737478,0.0,False,9270.0,258061.12
11250,1059976.8592,1415558826.8361754,0.0,False,9270.0,258061.12
11260,1060025.4448,1418492916.341353,0.0,False,9270.0,258061.12
11270,1060042.5424,1420029928.0162024,0.0,False,9270.0,258061.12
11280,1060039.5592,1419627427.0936954,0.0,False,9270.0,258061.12
11290,1060072.6336,1422431862.9169512,0.0,False,9270.0,258061.12
11300,1060298.9888,1419805070.9742746,0.0,False,9270.0,258061.12
11310,1060451.2816,1417617667.0839016,0.0,False,9270.0,258061.12
11320,1060676.1272,1411207396.0942202,0.0,False,9270.0,258061.12
11330,1061027.3288,1414992525.7462907,0.0,False,9270.0,258061.12
11340,1061253.2648,1412150879.179481,0.0,False,9270.0,258061.12
11350,1061553.3496,1421766923.96258,0.0,False,9270.0,258061.12
11360,1061868.1912,1422035868.6146426,0.0,False,9270.0,258061.12
11370,1062132.7424,1422309831.5384421,0.0,False,9270.0,258061.12
11380,1062393.8976,1423498842.1847143,0.0,False,9270.0,258061.12
11390,1062605.0376,1423064348.8961864,0.0,False,9270.0,258061.12
11400,1063249.1224,1427589901.941818,0.0,False,9270.0,258061.12
11410,1064006.732,1433863067.4049761,0.0,False,9270.0,258061.12
11420,1064402.4272,1435433083.6223,0.0,False,9270.0,258061.12
11430,1064938.22,1436139328.9484,0.0,False,9270.0,258061.12
11440,1065457.1808,1438501903.7481112,0.0,False,9270.0,258061.12
11450,1066012.276,1437763578.175024,0.0,False,9270.0,258061.12
11460,1066584.2864,1435617446.525975,0.0,False,9270.0,258061.12
11470,1067084.6216,1429954702.0056136,0.0,False,9270.0,258061.12
11480,1067496.6024,1430874775.4915142,0.0,False,9270.0,258061.12
11490,1067856.2288,1428871897.5700505,0.0,False,9270.0,258061.12
11500,1068337.108,1428318333.4459362,0.0,False,9270.0,258061.12
11510,1068872.2288,1422030852.9300506,0.0,False,9270.0,258061.12
11520,1069126.0048,1418684192.7583768,0.0,False,9270.0,258061.12
11530,1069459.8936,1415754919.7438788,0.0,False,9270.0,258061.12
11540,1069823.0024,1412061166.6671946,0.0,False,9270.0,258061.12
11550,1070273.7328,1413772544.0246043,0.0,False,9270.0,258061.12
11560,1070858.1832,1404837041.6832378,0.0,False,9270.0,258061.12
11570,1071116.9528,1407110972.2841718,0.0,False,9270.0,258061.12
11580,1071574.8088,1399893963.0082426,0.0,False,9270.0,258061.12
11590,1071880.5496,1394799757.6355398,0.0,False,9270.0,258061.12
11600,1072133.1824,1395271195.2771301,0.0,False,9270.0,258061.12
11610,1072449.56,1390110989.9503999,0.0,False,9270.0,258061.12
11620,1072711.6752,1381330011.1681051,0.0,False,9270.0,258061.12
11630,1072847.892,1384020940.575536,0.0,False,9270.0,258061.12
11640,1073063.5512,1379441685.4897788,0.0,False,9270.0,258061.12
11650,1073535.9104,1372681536.2415717,0.0,False,9270.0,258061.12
11660,1073877.9696,1364059013.9062757,0.0,False,9270.0,258061.12
11670,1073990.1488,1360309025.2770586,0.0,False,9270.0,258061.12
11680,1074145.9416,1358795628.1261897,0.0,False,9270.0,258061.12
11690,1074232.3032,1352860503.1320696,0.0,False,9270.0,258061.12
11700,1074610.2664,1349878983.7226312,0.0,False,9270.0,258061.12
11710,1074619.848,1343499081.996096,0.0,False,9270.0,258061.12
11720,1074621.9616,1342949883.2209253,0.0,False,9270.0,258061.12
11730,1074936.472,1339657293.5404158,0.0,False,9270.0,258061.12
11740,1075181.1976,1331659725.1849542,0.0,False,9270.0,258061.12
11750,1075434.2136,1321941764.323975,0.0,False,9270.0,258061.12
11760,1075600.0336,1323099290.107671,0.0,False,9270.0,258061.12
11770,1075901.4808,1303605785.4728312,0.0,False,9270.0,258061.12
11780,1076073.144,1306196316.3968642,0.0,False,9270.0,258061.12
11790,1076215.7152,1305317093.720489,0.0,False,9270.0,258061.12
11800,1076405.8168,1311795549.8016376,0.0,False,9270.0,258061.12
11810,1076548.6216,1319735581.7880135,0.0,False,9270.0,258061.12
11820,1076636.1088,1328856361.5145626,0.0,False,9270.0,258061.12
11830,1076754.9184,1339009013.8445413,0.0,False,9270.0,258061.12
11840,1076811.1512,1345419622.2155387,0.0,False,9270.0,258061.12
11850,1077071.9168,1351340135.2794778,0.0,False,9270.0,258061.12
11860,1077239.8336,1346971755.364311,0.0,False,9270.0,258061.12
11870,1077381.1552,1340038251.747113,0.0,False,9270.0,258061.12
11880,1077420.7048,1334763626.237657,0.0,False,9270.0,258061.12
11890,1077502.3336,1332391138.8951108,0.0,False,9270.0,258061.12
11900,1077595.5648,1327697028.1210008,0.0,False,9270.0,258061.12
11910,1077672.8584,1322570747.7575495,0.0,False,9270.0,258061.12
11920,1077749.3616,1316263893.0356455,0.0,False,9270.0,258061.12
11930,1077949.2736,1307342257.200343,0.0,False,9270.0,258061.12
11940,1078092.0216,1299432396.5771334,0.0,False,9270.0,258061.12
11950,1078404.7176,1272503469.9346504,0.0,False,9270.0,258061.12
11960,1078521.2696,1251806946.9177158,0.0,False,9270.0,258061.12
11970,1078717.1056,1231905568.3712487,0.0,False,9270.0,258061.12
11980,1078922.1944,1210906709.3974085,0.0,False,9270.0,258061.12
11990,1079147.868,1181910643.158576,0.0,False,9270.0,258061.12
12000,1079443.4344,1151411037.5472965,0.0,False,9270.0,230837.76
12010,1079591.5136,1145059314.509015,0.0,False,9270.0,230837.76
12020,1079756.4824,1135034544.8088903,0.0,False,9270.0,230837.76
12030,1080035.9616,1118533488.3537254,0.0,False,9270.0,230837.76
12040,1080285.144,1107534173.414464,0.0,False,9270.0,230837.76
12050,1080360.9144,1100833176.4742727,0.0,False,9270.0,230837.76
12060,1080439.6896,1089934288.1660519,0.0,False,9270.0,230837.76
12070,1080422.4432,1089553896.878774,0.0,False,9270.0,230837.76
12080,1080454.3864,1087780917.708295,0.0,False,9270.0,230837.76
12090,1080309.7544,1089680695.5796807,0.0,False,9270.0,230837.76
12100,1080444.3736,1077636969.241223,0.0,False,9270.0,230837.76
12110,1080558.9328,1070231778.5858842,0.0,False,9270.0,230837.76
12120,1080609.5568,1068436192.9011738,0.0,False,9270.0,230837.76
12130,1080648.3064,1065777647.9429189,0.0,False,9270.0,230837.76
12140,1080733.4056,1058891185.9618887,0.0,False,9270.0,230837.76
12150,1080762.5448,1058114363.087193,0.0,False,9270.0,230837.76
12160,1080762.5448,1058114363.087193,0.0,False,9270.0,230837.76
12170,1080746.9632,1061391296.3682457,0.0,False,9270.0,230837.76
12180,1080829.8328,1059992947.4616442,0.0,False,9270.0,230837.76
12190,1080965.02,1054796216.814,0.0,False,9270.0,230837.76
12200,1081046.036,1056029181.1619039,0.0,False,9270.0,230837.76
12210,1081140.5808,1052969777.6434715,0.0,False,9270.0,230837.76
12220,1081169.3992,1051958116.8438394,0.0,False,9270.0,230837.76
12230,1081174.2376,1053044380.3323461,0.0,False,9270.0,230837.76
12240,1081120.3248,1056628452.5409049,0.0,False,9270.0,230837.76
12250,1081092.2024,1086326921.2918344,0.0,False,9270.0,230837.76
12260,1080988.4896,1115685511.6482918,0.0,False,9270.0,230837.76
12270,1080826.3544,1165169909.0280004,0.0,False,9270.0,230837.76
12280,1080747.876,1199152328.6966238,0.0,False,9270.0,230837.76
12290,1080590.544,1219126105.2272642,0.0,False,9270.0,230837.76
12300,1080363.7544,1257380899.3588808,0.0,False,9270.0,230837.76
12310,1080354.8976,1272046917.6551142,0.0,False,9270.0,230837.76
12320,1080244.1008,1278039290.2650397,0.0,False,9270.0,230837.76
12330,1080225.7288,1278067139.0864506,0.0,False,9270.0,230837.76
12340,1080205.8416,1293207263.4981093,0.0,False,9270.0,230837.76
12350,1080216.1392,1291535693.3662233,0.0,False,9270.0,230837.76
12360,1080219.0264,1290897938.196103,0.0,False,9270.0,230837.76
12370,1080251.1088,1276836543.4361625,0.0,False,9270.0,230837.76
12380,1080344.3776,1272219474.2830186,0.0,False,9270.0,230837.76
12390,1080449.1256,1239390235.806625,0.0,False,9270.0,230837.76
12400,1080514.3088,1236906334.4870424,0.0,False,9270.0,230837.76
12410,1080518.1088,1236127774.8649626,0.0,False,9270.0,230837.76
12420,1080565.7528,1219396289.498892,0.0,False,9270.0,230837.76
12430,1080479.0192,1223745457.6172314,0.0,False,9270.0,230837.76
12440,1080454.948,1226239375.4356961,0.0,False,9270.0,230837.76
12450,1080511.1592,1209637053.7650552,0.0,False,9270.0,230837.76
12460,1080508.3096,1210866068.3409479,0.0,False,9270.0,230837.76
12470,1080493.0016,1210780149.3007975,0.0,False,9270.0,230837.76
12480,1080493.0016,1210780149.3007975,0.0,False,9270.0,230837.76
12490,1080493.0016,1210780149.3007975,0.0,False,9270.0,230837.76
12500,1080475.1072,1212164462.0317082,0.0,False,9270.0,230837.76
12510,1080448.8176,1211695874.2243302,0.0,False,9270.0,230837.76
12520,1080463.8624,1211541263.6290662,0.0,False,9270.0,230837.76
12530,1080475.1072,1212164462.0317082,0.0,False,9270.0,230837.76
12540,1080501.4456,1211768099.9598405,0.0,False,9270.0,230837.76
12550,1080594.1992,1205167563.4787195,0.0,False,9270.0,230837.76
12560,1080640.2904,1202953532.3428679,0.0,False,9270.0,230837.76
12570,1080687.5872,1201032633.519196,0.0,False,9270.0,230837.76
12580,1080684.5232,1201157301.889462,0.0,False,9270.0,230837.76
12590,1080761.7104,1196447456.6777318,0.0,False,9270.0,230837.76
12600,1080787.2472,1179248970.5164924,0.0,False,9270.0,230837.76
12610,1080830.2208,1176962603.3208475,0.0,False,9270.0,230837.76
12620,1080973.4288,1156139865.9809306,0.0,False,9270.0,230837.76
12630,1081052.5544,1135797550.8910406,0.0,False,9270.0,230837.76
12640,1081159.7104,1117487904.546532,0.0,False,9270.0,230837.76
12650,1081286.2264,1083051381.8703432,0.0,False,9270.0,230837.76
12660,1081401.8264,1065664401.8402629,0.0,False,9270.0,230837.76
12670,1081439.8224,1050163545.1364582,0.0,False,9270.0,230837.76
12680,1081550.0912,1030777279.1756827,0.0,False,9270.0,230837.76
12690,1081585.3616,1029043382.4692456,0.0,False,9270.0,230837.76
12700,1081632.3496,1027006338.7209799,0.0,False,9270.0,230837.76
12710,1081677.44,1022218794.3168002,0.0,False,9270.0,230837.76
12720,1081775.8456,1017572249.6385605,0.0,False,9270.0,230837.76
12730,1081713.7672,1020029979.8066041,0.0,False,9270.0,230837.76
12740,1081640.668,1018952700.092976,0.0,False,9270.0,230837.76
12750,1081590.692,1019088373.6283362,0.0,False,9270.0,230837.76
12760,1081555.592,1017712095.356736,0.0,False,9270.0,230837.76
12770,1081527.2432,1019697790.6848537,0.0,False,9270.0,230837.76
12780,1081526.3504,1019218776.0468199,0.0,False,9270.0,230837.76
12790,1081527.2472,1019487319.6748922,0.0,False,9270.0,230837.76
12800,1081941.6704,1013607648.7009639,0.0,False,9270.0,230837.76
12810,1081908.7096,1017840847.411668,0.0,False,9270.0,230837.76
12820,1081646.3904,1118735683.3611877,0.0,False,9270.0,230837.76
12830,1081181.6768,1303430972.2155416,0.0,False,9270.0,230837.76
12840,1080540.1392,1449554507.4366233,0.0,False,9270.0,230837.76
12850,1079900.4856,1644379503.6217926,0.0,False,9270.0,230837.76
12860,1079115.184,1871665892.3389444,0.0,False,9270.0,230837.76
12870,1078747.8064,1985195130.6985192,0.0,False,9270.0,230837.76
12880,1078058.9552,2211349196.127593,0.0,False,9270.0,230837.76
12890,1077217.9784,2472806460.8043337,0.0,False,9270.0,230837.76
12900,1076745.2008,2657499928.8060794,0.0,False,9270.0,230837.76
12910,1076052.5448,2879395541.327193,0.0,False,9270.0,230837.76
12920,1075527.8568,3029120098.221094,0.0,False,9270.0,230837.76
12930,1074980.5728,3177694005.3679004,0.0,False,9270.0,230837.76
12940,1074413.112,3394675124.549056,0.0,False,9270.0,230837.76
12950,1073682.516,3581956637.7321444,0.0,False,9270.0,230837.76
12960,1073182.6512,3692544359.959939,0.0,False,9270.0,230837.76
12970,1072962.6648,3769026377.1212416,0.0,False,9270.0,230837.76
12980,1072548.84,3877902110.136,0.0,False,9270.0,230837.76
12990,1071917.1992,4061450623.7443194,0.0,False,9270.0,230837.76
13000,1071547.1256,4138724030.315426,0.0,False,9270.0,241717.12
13010,1071214.484,4211852807.984944,0.0,False,9270.0,241717.12
13020,1071165.104,4248532696.6787834,0.0,False,9270.0,241717.12
13030,1071062.1448,4264174754.5278335,0.0,False,9270.0,241717.12
13040,1070681.7416,4374185476.242029,0.0,False,9270.0,241717.12
13050,1070449.5808,4408106744.259472,0.0,False,9270.0,241717.12
13060,1070556.7296,4413031420.398884,0.0,False,9270.0,241717.12
13070,1070452.9592,4413546455.443135,0.0,False,9270.0,241717.12
13080,1071289.8888,4150019746.3476343,0.0,False,9270.0,241717.12
13090,1071297.356,4150139727.004464,0.0,False,9270.0,241717.12
13100,1071584.6184,4117287952.7039814,0.0,False,9270.0,241717.12
13110,1071736.7128,4043253925.0263166,0.0,False,9270.0,241717.12
13120,1071819.5744,4007842794.103665,0.0,False,9270.0,241717.12
13130,1072116.9424,3934995948.651083,0.0,False,9270.0,241717.12
13140,1072535.4304,3825315564.7699556,0.0,False,9270.0,241717.12
13150,1072867.132,3752264901.3889756,0.0,False,9270.0,241717.12
13160,1073251.5048,3609712349.0843773,0.0,False,9270.0,241717.12
13170,1073343.112,3606934155.2402563,0.0,False,9270.0,241717.12
13180,1073565.8704,3534594630.415204,0.0,False,9270.0,241717.12
13190,1073963.6888,3425347859.1687546,0.0,False,9270.0,241717.12
13200,1074355.7536,3313399488.521688,0.0,False,9270.0,241717.12
13210,1074495.796,3278588964.830384,0.0,False,9270.0,241717.12
13220,1074429.7,3280416223.6716003,0.0,False,9270.0,241717.12
13230,1074732.3232,3202832866.5867424,0.0,False,9270.0,241717.12
13240,1075129.4432,3127516804.864373,0.0,False,9270.0,241717.12
13250,1075374.1528,3053118720.5382524,0.0,False,9270.0,241717.12
13260,1075510.2328,3014943357.803404,0.0,False,9270.0,241717.12
13270,1075770.0208,2940906213.285967,0.0,True,9280.0,241717.12
13280,1075794.676,2939096736.6806235,0.0,True,9290.0,241717.12
13290,1076004.5824,2865645432.64961,0.0,True,9300.0,241717.12
13300,1076511.2688,2747929968.9821463,0.0,True,9310.0,241717.12
13310,1076574.4816,2748706930.923261,0.0,True,9320.0,241717.12
13320,1076788.3512,2707759814.4926586,0.0,True,9330.0,241717.12
13330,1077209.8776,2593996989.6154184,0.0,True,9340.0,241717.12
13340,1077527.82,2516167326.8620005,0.0,True,9350.0,241717.12
13350,1078187.756,2290606662.8476644,0.0,True,9360.0,241717.12
13360,1078871.8136,2099690603.7108555,0.0,True,9370.0,241717.12
13370,1079425.1312,1911799040.4355862,0.0,True,9380.0,241717.12
13380,1079591.7264,1872101323.6307425,0.0,True,9390.0,241717.12
13390,1080324.0744,1643590879.9704647,0.0,True,9400.0,241717.12
13400,1080976.4272,1449841492.6495,0.0,True,9410.0,241717.12
13410,1081139.5704,1376503440.2362442,0.0,True,9420.0,241717.12
13420,1081326.8912,1301916800.8281624,0.0,True,9430.0,241717.12
13430,1081512.1,1225641719.3516,0.0,True,9440.0,241717.12
13440,1082087.7216,1096854855.7400935,0.0,True,9450.0,241717.12
13450,1082544.304,983209500.509184,0.0,True,9460.0,241717.12
13460,1082509.192,986973907.4911361,0.0,True,9470.0,241717.12
13470,1082478.9432,989542289.3359736,0.0,True,9480.0,241717.12
13480,1082545.5656,989366003.0128965,0.0,True,9490.0,241717.12
13490,1082555.1528,988469908.6662519,0.0,True,9500.0,241717.12
13500,1082625.7216,987202236.0440934,0.0,True,9510.0,241717.12
13510,1082630.5848,986007201.6852092,0.0,True,9520.0,241717.12
13520,1082759.048,980922478.773696,0.0,True,9530.0,241717.12
13530,1082844.244,976817910.012464,0.0,True,9540.0,241717.12
13540,1082891.384,973553524.9485439,0.0,True,9550.0,241717.12
13550,1082852.0992,975071455.7309592,0.0,True,9560.0,241717.12
13560,1082807.5456,976849384.7247207,0.0,True,9570.0,241717.12
13570,1082790.0664,977448184.502791,0.0,True,9580.0,241717.12
13580,1082760.8208,979237542.0846875,0.0,True,9590.0,241717.12
13590,1082634.4424,982086421.9722824,0.0,True,9600.0,241717.12
13600,1082397.5208,988636862.1239672,0.0,True,9610.0,241717.12
13610,1082282.124,991735543.624624,0.0,True,9620.0,241717.12
13620,1082327.844,987126085.4876641,0.0,True,9630.0,241717.12
13630,1082370.5,982647446.75,0.0,True,9640.0,241717.12
13640,1082370.5,982647446.75,0.0,True,9650.0,241717.12
13650,1082370.5,982647446.75,0.0,True,9660.0,241717.12
13660,1082370.5,982647446.75,0.0,True,9670.0,241717.12
13670,1082370.5,982647446.75,0.0,True,9680.0,241717.12
13680,1082370.5,982647446.75,0.0,True,9690.0,241717.12
13690,1082370.5,982647446.75,0.0,True,9700.0,241717.12
13700,1082370.5,982647446.75,0.0,True,9710.0,241717.12
13710,1082386.3352,983596310.378841,0.0,True,9720.0,241717.12
13720,1082410.088,985018665.4962561,0.0,True,9730.0,241717.12
13730,1082502.9904,987015595.300708,0.0,True,9740.0,241717.12
13740,1082572.6672,988501964.6556442,0.0,True,9750.0,241717.12
13750,1082446.3088,997695694.1062425,0.0,True,9760.0,241717.12
13760,1082359.6504,1004513380.3145798,0.0,True,9770.0,241717.12
13770,1082288.5536,1008611528.0487272,0.0,True,9780.0,241717.12
13780,1082213.1304,1013009117.9621958,0.0,True,9790.0,241717.12
13790,1082106.3104,1019137924.2332519,0.0,True,9800.0,241717.12
13800,1082132.6,1019519362.3952,0.0,True,9810.0,241717.12
13810,1082093.8128,1021703485.6385562,0.0,True,9820.0,241717.12
13820,1082093.8128,1021703485.6385562,0.0,True,9830.0,241717.12
13830,1082093.8128,1021703485.6385562,0.0,True,9840.0,241717.12
13840,1082194.8664,1015108274.4797512,0.0,True,9850.0,241717.12
13850,1082420.6544,1000250049.4117606,0.0,True,9860.0,241717.12
13860,1082536.5584,991647260.5905893,0.0,True,9870.0,241717.12
13870,1082587.132,987622005.478576,0.0,True,9880.0,241717.12
13880,1082617.544,982963783.3600643,0.0,True,9890.0,241717.12
13890,1082605.192,980807151.507136,0.0,True,9900.0,241717.12
13900,1082529.9144,980517555.4598726,0.0,True,9910.0,241717.12
13910,1082529.9144,980517555.4598726,0.0,True,9920.0,241717.12
13920,1082503.6248,980157007.771225,0.0,True,9930.0,241717.12
13930,1082495.7072,979684495.9494681,0.0,True,9940.0,241717.12
13940,1082487.7896,979211858.7509319,0.0,True,9950.0,241717.12
13950,1082506.1616,979100892.7674854,0.0,True,9960.0,241717.12
13960,1082524.5336,978989251.7232709,0.0,True,9970.0,241717.12
13970,1082542.9056,978876935.6182886,0.0,True,9980.0,241717.12
13980,1082492.332,982897717.353776,0.0,True,9990.0,241717.12
13990,1082433.8408,986439892.2226553,0.0,True,10000.0,241717.12
14000,1082410.088,985018665.4962561,0.0,True,10010.0,250188.8
14010,1082402.1704,984544672.5005639,0.0,True,10020.0,250188.8
14020,1082386.3352,983596310.378841,0.0,True,10030.0,250188.8
14030,1082370.5,982647446.75,0.0,True,10040.0,250188.8
14040,1082370.5,982647446.75,0.0,True,10050.0,250188.8
14050,1082370.5,982647446.75,0.0,True,10060.0,250188.8
14060,1082370.5,982647446.75,0.0,True,10070.0,250188.8
14070,1082370.5,982647446.75,0.0,True,10080.0,250188.8
14080,1082370.5,982647446.75,0.0,True,10090.0,250188.8
14090,1082370.5,982647446.75,0.0,True,10100.0,250188.8
14100,1082370.5,982647446.75,0.0,True,10110.0,250188.8
14110,1082370.5,982647446.75,0.0,True,10120.0,250188.8
14120,1082370.5,982647446.75,0.0,True,10130.0,250188.8
14130,1082370.5,982647446.75,0.0,True,10140.0,250188.8
14140,1082370.5,982647446.75,0.0,True,10150.0,250188.8
14150,1082370.5,982647446.75,0.0,True,10160.0,250188.8
14160,1082370.5,982647446.75,0.0,True,10170.0,250188.8
14170,1082370.5,982647446.75,0.0,True,10180.0,250188.8
14180,1082370.5,982647446.75,0.0,True,10190.0,250188.8
14190,1082370.5,982647446.75,0.0,True,10200.0,250188.8
14200,1082370.5,982647446.75,0.0,True,10210.0,250188.8
14210,1082370.5,982647446.75,0.0,True,10220.0,250188.8
14220,1082370.5,982647446.75,0.0,True,10230.0,250188.8
14230,1082370.5,982647446.75,0.0,True,10240.0,250188.8
14240,1082370.5,982647446.75,0.0,True,10250.0,250188.8
14250,1082370.5,982647446.75,0.0,True,10260.0,250188.8
14260,1082370.5,982647446.75,0.0,True,10270.0,250188.8
14270,1082370.5,982647446.75,0.0,True,10280.0,250188.8
14280,1082370.5,982647446.75,0.0,True,10290.0,250188.8
14290,1082370.5,982647446.75,0.0,True,10300.0,250188.8
14300,1082370.5,982647446.75,0.0,True,10310.0,250188.8
14310,1082370.5,982647446.75,0.0,True,10320.0,250188.8
14320,1082370.5,982647446.75,0.0,True,10330.0,250188.8
14330,1082370.5,982647446.75,0.0,True,10340.0,250188.8
14340,1082370.5,982647446.75,0.0,True,10350.0,250188.8
14350,1082370.5,982647446.75,0.0,True,10360.0,250188.8
14360,1082370.5,982647446.75,0.0,True,10370.0,250188.8
14370,1082370.5,982647446.75,0.0,True,10380.0,250188.8
14380,1082370.5,982647446.75,0.0,True,10390.0,250188.8
14390,1082370.5,982647446.75,0.0,True,10400.0,250188.8
14400,1082370.5,982647446.75,0.0,True,10410.0,250188.8
14410,1082370.5,982647446.75,0.0,True,10420.0,250188.8
14420,1082370.5,982647446.75,0.0,True,10430.0,250188.8
14430,1082370.5,982647446.75,0.0,True,10440.0,250188.8
14440,1082401.116,982703853.1785442,0.0,True,10450.0,250188.8
14450,1082416.424,982731353.388224,0.0,True,10460.0,250188.8
14460,1082431.732,982758384.9281759,0.0,True,10470.0,250188.8
14470,1082454.9576,983258230.2750024,0.0,True,10480.0,250188.8
14480,1082470.7928,984204419.0978682,0.0,True,10490.0,250188.8
14490,1082494.5456,985622762.0063207,0.0,True,10500.0,250188.8
14500,1082487.1552,986070426.1887128,0.0,True,10510.0,250188.8
14510,1082495.0728,986543073.4331002,0.0,True,10520.0,250188.8
14520,1082502.9904,987015595.300708,0.0,True,10530.0,250188.8
14530,1082502.9904,987015595.300708,0.0,True,10540.0,250188.8
14540,1082510.908,987487991.791536,0.0,True,10550.0,250188.8
14550,1082510.908,987487991.791536,0.0,True,10560.0,250188.8
14560,1082534.1336,987984159.318151,0.0,True,10570.0,250188.8
14570,1082534.1336,987984159.318151,0.0,True,10580.0,250188.8
14580,1082534.1336,987984159.318151,0.0,True,10590.0,250188.8
14590,1082549.4416,988007587.0609895,0.0,True,10600.0,250188.8
14600,1082549.4416,988007587.0609895,0.0,True,10610.0,250188.8
14610,1082549.4416,988007587.0609895,0.0,True,10620.0,250188.8
14620,1082549.4416,988007587.0609895,0.0,True,10630.0,250188.8
14630,1082564.7496,988030546.1340998,0.0,True,10640.0,250188.8
14640,1082549.4416,988007587.0609895,0.0,True,10650.0,250188.8
14650,1082549.4416,988007587.0609895,0.0,True,10660.0,250188.8
14660,1082549.4416,988007587.0609895,0.0,True,10670.0,250188.8
14670,1082549.4416,988007587.0609895,0.0,True,10680.0,250188.8
14680,1082557.3592,988479247.9877754,0.0,True,10690.0,250188.8
14690,1082557.3592,988479247.9877754,0.0,True,10700.0,250188.8
14700,1082565.2768,988950783.5377816,0.0,True,10710.0,250188.8
14710,1082549.9688,988927840.6054265,0.0,True,10720.0,250188.8
14720,1082549.9688,988927840.6054265,0.0,True,10730.0,250188.8
14730,1082557.8864,989399493.1838949,0.0,True,10740.0,250188.8
14740,1082573.1944,989422193.7110085,0.0,True,10750.0,250188.8
14750,1082588.5024,989444425.5683943,0.0,True,10760.0,250188.8
14760,1082540.8848,991334910.3435289,0.0,True,10770.0,250188.8
14770,1082556.1928,991358131.3916281,0.0,True,10780.0,250188.8
14780,1082540.8848,991334910.3435289,0.0,True,10790.0,250188.8
14790,1082548.8024,991806706.7689542,0.0,True,10800.0,250188.8
14800,1082548.8024,991806706.7689542,0.0,True,10810.0,250188.8
14810,1082548.8024,991806706.7689542,0.0,True,10820.0,250188.8
14820,1082556.72,992278377.8176,0.0,True,10830.0,250188.8
14830,1082541.412,992255172.910256,0.0,True,10840.0,250188.8
14840,1082544.476,992119125.525424,0.0,True,10850.0,250188.8
14850,1082544.476,992119125.525424,0.0,True,10860.0,250188.8
14860,1082565.804,989871020.385584,0.0,True,10870.0,250188.8
14870,1082587.132,987622005.478576,0.0,True,10880.0,250188.8
14880,1082622.5056,985569774.8387686,0.0,True,10890.0,250188.8
14890,1082596.216,985214095.5213442,0.0,True,10900.0,250188.8
14900,1082617.544,982963783.3600643,0.0,True,10910.0,250188.8
14910,1082625.4616,983434365.8717256,0.0,True,10920.0,250188.8
14920,1082602.236,982942440.6403041,0.0,True,10930.0,250188.8
14930,1082602.236,982942440.6403041,0.0,True,10940.0,250188.8
14940,1082623.564,980691871.6899041,0.0,True,10950.0,250188.8
14950,1082549.6568,982227568.2006136,0.0,True,10960.0,250188.8
14960,1082552.7208,982091470.2916473,0.0,True,10970.0,250188.8
14970,1082552.7208,982091470.2916473,0.0,True,10980.0,250188.8
14980,1082526.4312,981732121.7452666,0.0,True,10990.0,250188.8
14990,1082526.4312,981732121.7452666,0.0,True,11000.0,250188.8
15000,1082526.4312,981732121.7452666,0.0,True,11010.0,252884.8
15010,1082529.4952,981596166.162777,0.0,True,11020.0,252884.8
15020,1082503.2056,981235596.4329287,0.0,True,11030.0,252884.8
15030,1082495.8152,981683388.617049,0.0,True,11040.0,252884.8
15040,1082478.6096,978915274.7355878,0.0,True,11050.0,252884.8
15050,1082426.0304,978187401.9414757,0.0,True,11060.0,252884.8
15060,1082417.8496,977472807.6029797,0.0,True,11070.0,252884.8
15070,1082406.6048,976893300.699817,0.0,True,11080.0,252884.8
15080,1082421.3864,976438929.1386951,0.0,True,11090.0,252884.8
15090,1082421.1232,976198077.0680219,0.0,True,11100.0,252884.8
15100,1082436.168,975984120.5861759,0.0,True,11110.0,252884.8
15110,1082385.4864,977995189.6370149,0.0,True,11120.0,252884.8
15120,1082385.4864,977995189.6370149,0.0,True,11130.0,252884.8
15130,1082400.5312,977782305.4522265,0.0,True,11140.0,252884.8
15140,1082379.9392,979365685.7755033,0.0,True,11150.0,252884.8
15150,1082332.0584,980995409.0381894,0.0,True,11160.0,252884.8
15160,1082347.1032,980784132.4805498,0.0,True,11170.0,252884.8
15170,1082311.4664,982575969.3776711,0.0,True,11180.0,252884.8
15180,1082326.5112,982365312.4250746,0.0,True,11190.0,252884.8
15190,1082275.5664,984124337.6199911,0.0,True,11200.0,252884.8
15200,1082290.6112,983914760.8840345,0.0,True,11210.0,252884.8
15210,1082305.656,983704731.4560641,0.0,True,11220.0,252884.8
15220,1082305.656,983704731.4560641,0.0,True,11230.0,252884.8
15230,1082282.4304,983197950.8707559,0.0,True,11240.0,252884.8
15240,1082270.0192,985493614.2620314,0.0,True,11250.0,252884.8
15250,1082273.0832,985359229.9722778,0.0,True,11260.0,252884.8
15260,1082273.0832,985359229.9722778,0.0,True,11270.0,252884.8
15270,1082288.128,985149727.954816,0.0,True,11280.0,252884.8
15280,1082288.128,985149727.954816,0.0,True,11290.0,252884.8
15290,1082273.0832,985359229.9722778,0.0,True,11300.0,252884.8
15300,1082288.128,985149727.954816,0.0,True,11310.0,252884.8
15310,1082285.064,985284204.439104,0.0,True,11320.0,252884.8
15320,1082288.128,985149727.954816,0.0,True,11330.0,252884.8
15330,1082273.0832,985359229.9722778,0.0,True,11340.0,252884.8
15340,1082273.0832,985359229.9722778,0.0,True,11350.0,252884.8
15350,1082270.0192,985493614.2620314,0.0,True,11360.0,252884.8
15360,1082294.4112,983122701.3637145,0.0,True,11370.0,252884.8
15370,1082294.4112,983122701.3637145,0.0,True,11380.0,252884.8
15380,1082294.4112,983122701.3637145,0.0,True,11390.0,252884.8
15390,1082294.4112,983122701.3637145,0.0,True,11400.0,252884.8
15400,1082294.4112,983122701.3637145,0.0,True,11410.0,252884.8
15410,1082294.4112,983122701.3637145,0.0,True,11420.0,252884.8
15420,1082294.4112,983122701.3637145,0.0,True,11430.0,252884.8
15430,1082294.4112,983122701.3637145,0.0,True,11440.0,252884.8
15440,1082294.4112,983122701.3637145,0.0,True,11450.0,252884.8
15450,1082294.4112,983122701.3637145,0.0,True,11460.0,252884.8
15460,1082309.456,982912557.5952638,0.0,True,11470.0,252884.8
15470,1082283.1664,982540418.3803109,0.0,True,11480.0,252884.8
15480,1082280.1024,982674864.4599142,0.0,True,11490.0,252884.8
15490,1082280.1024,982674864.4599142,0.0,True,11500.0,252884.8
15500,1082291.3472,983257216.3514524,0.0,True,11510.0,252884.8
15510,1082291.3472,983257216.3514524,0.0,True,11520.0,252884.8
15520,1082300.6944,981095595.8154086,0.0,True,11530.0,252884.8
15530,1082276.3024,983466815.2333541,0.0,True,11540.0,252884.8
15540,1082294.4112,983122701.3637145,0.0,True,11550.0,252884.8
15550,1082309.456,982912557.5952638,0.0,True,11560.0,252884.8
15560,1082283.1664,982540418.3803109,0.0,True,11570.0,252884.8
15570,1082258.7744,984910782.7123047,0.0,True,11580.0,252884.8
15580,1082258.7744,984910782.7123047,0.0,True,11590.0,252884.8
15590,1082258.7744,984910782.7123047,0.0,True,11600.0,252884.8
15600,1082261.8384,984776467.3306855,0.0,True,11610.0,252884.8
15610,1082288.128,985149727.954816,0.0,True,11620.0,252884.8
15620,1082288.128,985149727.954816,0.0,True,11630.0,252884.8
15630,1082288.128,985149727.954816,0.0,True,11640.0,252884.8
15640,1082288.128,985149727.954816,0.0,True,11650.0,252884.8
15650,1082288.128,985149727.954816,0.0,True,11660.0,252884.8
15660,1082303.436,985180687.4051042,0.0,True,11670.0,252884.8
15670,1082290.0256,987893495.1833445,0.0,True,11680.0,252884.8
15680,1082299.3728,985731899.3538203,0.0,False,11690.0,232637.44000032835
15690,2347383.5928,17031524970.869387,0.0,False,11690.0,252884.8
15700,2347390.1976,17032689490.960957,0.0,False,11690.0,252884.8
15710,2347476.284,17030754055.056944,0.0,False,11690.0,252884.8
15720,2347476.284,17030754055.056944,0.0,False,11690.0,252884.8
15730,2347476.284,17030754055.056944,0.0,False,11690.0,252884.8
15740,2347476.284,17030754055.056944,0.0,False,11690.0,252884.8
15750,2348031.808,16455067208.84634,0.0,False,11690.0,252884.8
15760,2347991.5024,16460633061.966791,0.0,False,11690.0,252884.8
15770,2348463.0696,15886888297.603157,0.0,False,11690.0,252884.8
15780,2348463.0696,15886888297.603157,0.0,False,11690.0,252884.8
15790,2348463.0696,15886888297.603157,0.0,False,11690.0,252884.8
15800,2347991.5024,16460633061.966791,0.0,False,11690.0,252884.8
15810,2348031.808,16455067208.84634,0.0,False,11690.0,252884.8
15820,2347560.2408,17028405235.559616,0.0,False,11690.0,252884.8
15830,2347560.2408,17028405235.559616,0.0,False,11690.0,252884.8
15840,2347560.2408,17028405235.559616,0.0,False,11690.0,252884.8
15850,2347566.8456,17029567422.201756,0.0,False,11690.0,252884.8
15860,2347526.54,17035095794.145203,0.0,False,11690.0,252884.8
15870,2347526.54,17035095794.145203,0.0,False,11690.0,252884.8
15880,2347566.8456,17029567422.201756,0.0,False,11690.0,252884.8
15890,2347526.54,17035095794.145203,0.0,False,11690.0,252884.8
15900,2347526.54,17035095794.145203,0.0,False,11690.0,252884.8
15910,2347526.54,17035095794.145203,0.0,False,11690.0,252884.8
15920,2347526.54,17035095794.145203,0.0,False,11690.0,252884.8
15930,2347526.54,17035095794.145203,0.0,False,11690.0,252884.8
15940,2347526.54,17035095794.145203,0.0,False,11690.0,252884.8
15950,2347141.0592,17606079565.914894,0.0,False,11690.0,252884.8
15960,2347101.8832,17603635255.490356,0.0,False,11690.0,252884.8
15970,2346630.316,18176096238.135345,0.0,False,11690.0,252884.8
15980,2346630.316,18176096238.135345,0.0,False,11690.0,252884.8
15990,2346068.1872,18749044063.388954,0.0,False,11690.0,252884.8
16000,2346029.0112,18746515691.297474,0.0,False,11690.0,251698.56
16010,2346074.792,18750225959.462334,0.0,False,11690.0,251698.56
16020,2346119.5728,18745591193.1231,0.0,False,11690.0,251698.56
16030,2346119.5728,18745591193.1231,0.0,False,11690.0,251698.56
16040,2346205.6592,18743874524.248653,0.0,False,11690.0,251698.56
16050,2346205.6592,18743874524.248653,0.0,False,11690.0,251698.56
16060,2346205.6592,18743874524.248653,0.0,False,11690.0,251698.56
16070,2346205.6592,18743874524.248653,0.0,False,11690.0,251698.56
16080,2346205.6592,18743874524.248653,0.0,False,11690.0,251698.56
16090,2346205.6592,18743874524.248653,0.0,False,11690.0,251698.56
16100,2346205.6592,18743874524.248653,0.0,False,11690.0,251698.56
16110,2346205.6592,18743874524.248653,0.0,False,11690.0,251698.56
16120,2346251.44,18747568618.24,0.0,False,11690.0,251698.56
16130,2346244.8352,18746389055.61604,0.0,False,11690.0,251698.56
16140,2346251.44,18747568618.24,0.0,False,11690.0,251698.56
16150,2346244.8352,18746389055.61604,0.0,False,11690.0,251698.56
16160,2346205.6592,18743874524.248653,0.0,False,11690.0,251698.56
16170,2346205.6592,18743874524.248653,0.0,False,11690.0,251698.56
16180,2346205.6592,18743874524.248653,0.0,False,11690.0,251698.56
16190,2345650.1352,19317532431.487324,0.0,False,11690.0,251698.56
16200,2345643.5304,19316344925.867477,0.0,False,11690.0,251698.56
16210,2345126.1824,19883637553.20513,0.0,False,11690.0,251698.56
16220,2345087.0064,19881035373.15356,0.0,False,11690.0,251698.56
16230,2344615.4392,20451596056.176704,0.0,False,11690.0,251698.56
16240,2344524.8776,20452248120.860218,0.0,False,11690.0,251698.56
16250,2344053.3104,21022278640.87485,0.0,False,11690.0,251698.56
16260,2343973.8288,21024834382.786686,0.0,False,11690.0,251698.56
16270,2343285.3488,21761780529.35834,0.0,False,11690.0,251698.56
16280,2343325.6544,21756594044.926964,0.0,False,11690.0,251698.56
16290,2343241.6976,21758231819.777355,0.0,False,11690.0,251698.56
16300,2343713.2648,21188966759.71388,0.0,False,11690.0,251698.56
16310,2343889.872,21026580994.934017,0.0,False,11690.0,251698.56
16320,2343889.872,21026580994.934017,0.0,False,11690.0,251698.56
16330,2343672.9592,21194184489.88474,0.0,False,11690.0,251698.56
16340,2343627.1784,21190254306.065777,0.0,False,11690.0,251698.56
16350,2342256.8232,22663476272.232742,0.0,False,11690.0,251698.56
16360,2341960.4288,22832606994.212933,0.0,False,11690.0,251698.56
16370,2341312.2544,23561756587.67928,0.0,False,11690.0,251698.56
16380,2341783.8216,22994311251.870567,0.0,False,11690.0,251698.56
16390,2341451.5968,23169018245.239033,0.0,False,11690.0,251698.56
16400,2341491.9024,23163979581.756874,0.0,False,11690.0,251698.56
16410,2341963.4696,22596364813.739483,0.0,False,11690.0,251698.56
16420,2341792.3376,22767234962.55483,0.0,False,11690.0,251698.56
16430,2341832.6432,22762168831.547894,0.0,False,11690.0,251698.56
16440,2341917.2544,22363571275.367283,0.0,False,11690.0,251698.56
16450,2341740.6472,22525260283.20513,0.0,False,11690.0,251698.56
16460,2341484.5584,22689046950.36019,0.0,False,11690.0,251698.56
16470,2341438.7776,22684916393.062542,0.0,False,11690.0,251698.56
16480,2341178.2136,22847727683.827976,0.0,False,11690.0,251698.56
16490,2340488.2992,23343764203.248077,0.0,False,11690.0,251698.56
16500,2339965.0416,23667829444.43827,0.0,False,11690.0,251698.56
16510,2339492.04,23996496391.3488,0.0,False,11690.0,251698.56
16520,2337551.7368,25157502800.418724,0.0,False,11690.0,251698.56
16530,2337006.036,25554812191.5811,0.0,False,11690.0,251698.56
16540,2336042.6784,25725488705.974968,0.0,False,11690.0,251698.56
16550,2335840.0432,25719214998.77253,0.0,False,11690.0,251698.56
16560,2335760.7776,25720436761.95214,0.0,False,11690.0,251698.56
16570,2335765.4688,25721277642.191425,0.0,False,11690.0,251698.56
16580,2335758.864,25719959564.082306,0.0,False,11690.0,251698.56
16590,2333179.2064,28177235920.8966,0.0,False,11690.0,251698.56
16600,2327713.76,33118086277.702408,0.0,False,11690.0,251698.56
16610,2326073.0936,34475629514.610435,0.0,False,11690.0,251698.56
16620,2325213.3544,34852046452.0232,0.0,False,11690.0,251698.56
16630,2324017.0432,35609675481.961334,0.0,False,11690.0,251698.56
16640,2321898.7864,37447317933.79278,0.0,False,11690.0,251698.56
16650,2317809.8928,40095870008.919716,0.0,False,11690.0,251698.56
16660,2314951.1208,42600791532.57581,0.0,False,11690.0,251698.56
16670,2313265.5104,43729469614.6115,0.0,False,11690.0,251698.56
16680,2310307.692,45873410298.21714,0.0,False,11690.0,251698.56
16690,2303426.908,51160220686.45073,0.0,False,11690.0,251698.56
16700,2299102.768,54695760684.59738,0.0,False,11690.0,251698.56
16710,2295426.7992,57199023561.737274,0.0,False,11690.0,251698.56
16720,2291877.836,59838770570.800316,0.0,False,11690.0,251698.56
16730,2290389.0968,61592201353.52505,0.0,False,11690.0,251698.56
16740,2286919.9968,64226626164.18237,0.0,False,11690.0,251698.56
16750,2283454.4152,66953902568.8948,0.0,False,11690.0,251698.56
16760,2281291.504,68468588218.0292,0.0,False,11690.0,251698.56
16770,2279166.4464,70089989368.77992,0.0,False,11690.0,251698.56
16780,2277840.6984,71046497412.46744,0.0,False,11690.0,251698.56
16790,2275470.772,72673733198.88081,0.0,False,11690.0,251698.56
16800,2273546.5904,74104059992.31383,0.0,False,11690.0,251698.56
16810,2274145.5072,73611267722.24353,0.0,False,11690.0,251698.56
16820,2271851.6376,75074404254.95827,0.0,False,11690.0,251698.56
16830,2271661.1072,75307751367.63173,0.0,False,11690.0,251698.56
16840,2270160.0936,76611574776.35126,0.0,False,11690.0,251698.56
16850,2268804.2528,77652380166.31049,0.0,False,11690.0,251698.56
16860,2269020.416,77017370705.97415,0.0,False,11690.0,251698.56
16870,2267582.4752,78509866164.14539,0.0,False,11690.0,251698.56
16880,2266581.0752,79050330221.47755,0.0,False,11690.0,251698.56
16890,2266121.2832,79896077826.6062,0.0,False,11690.0,251698.56
16900,2264349.2248,81316890198.22305,0.0,False,11690.0,251698.56
16910,2263621.56,82058314607.52802,0.0,False,11690.0,251698.56
16920,2261890.1992,83344911734.84192,0.0,False,11690.0,251698.56
16930,2260490.224,84937840683.12422,0.0,False,11690.0,251698.56
16940,2257979.6336,87145883811.28654,0.0,False,11690.0,251698.56
16950,2256055.3032,89322662834.34808,0.0,False,11690.0,251698.56
16960,2253929.7112,91399274065.7678,0.0,False,11690.0,251698.56
16970,2251720.5224,93428872014.9095,0.0,False,11690.0,251698.56
16980,2250101.3288,94899578889.4583,0.0,False,11690.0,251698.56
16990,2247048.0344,98496800583.37962,0.0,False,11690.0,251698.56
17000,2244096.596,101281078494.51039,0.0,False,11690.0,229591.36
17010,2241800.1976,103924458504.38817,0.0,False,11690.0,229591.36
17020,2239983.2776,106589674199.34534,0.0,False,11690.0,229591.36
17030,2236649.5984,109659221090.56512,0.0,False,11690.0,229591.36
17040,2234049.4,112896032871.5792,0.0,False,11690.0,229591.36
17050,2231130.1392,116725580405.1998,0.0,False,11690.0,229591.36
17060,2228697.0928,120129618975.4298,0.0,False,11690.0,229591.36
17070,2225573.9312,123445438137.71048,0.0,False,11690.0,229591.36
17080,2221599.868,128257555133.01778,0.0,False,11690.0,229591.36
17090,2212831.7384,137880207628.70117,0.0,False,11690.0,229591.36
17100,2206326.652,148482453003.9701,0.0,False,11690.0,229591.36
17110,2203460.4768,151124308619.55502,0.0,False,11690.0,229591.36
17120,2197654.3472,159456629794.96103,0.0,False,11690.0,229591.36
17130,2195759.5528,161693121639.5584,0.0,False,11690.0,229591.36
17140,2190410.1224,169690746427.9482,0.0,False,11690.0,229591.36
17150,2184259.5064,176570273727.4027,0.0,False,11690.0,229591.36
17160,2180592.4408,180527075010.0793,0.0,False,11690.0,229591.36
17170,2177435.2776,184301765952.07172,0.0,False,11690.0,229591.36
17180,2176083.4808,185809256446.85205,0.0,False,11690.0,229591.36
17190,2172250.3808,190182475925.1478,0.0,False,11690.0,229591.36
17200,2167309.7856,196290867950.34763,0.0,False,11690.0,229591.36
17210,2164639.2392,199736764991.40042,0.0,False,11690.0,229591.36
17220,2158950.7848,204763493014.7201,0.0,False,11690.0,229591.36
17230,2155162.6624,208686657510.1052,0.0,False,11690.0,229591.36
17240,2150906.1088,213091117227.377,0.0,False,11690.0,229591.36
17250,2146698.2016,218004539945.07617,0.0,False,11690.0,229591.36
17260,2142278.0336,221948743953.92844,0.0,False,11690.0,229591.36
17270,2138329.6752,225668969443.45615,0.0,False,11690.0,229591.36
17280,2135141.5824,229494268961.0512,0.0,False,11690.0,229591.36
17290,2132016.496,233759570924.378,0.0,False,11690.0,229591.36
17300,2127434.1288,237475654447.2202,0.0,False,11690.0,229591.36
17310,2126379.6776,238973808819.01443,0.0,False,11690.0,229591.36
17320,2122963.9632,242670262148.0434,0.0,False,11690.0,229591.36
17330,2121995.2176,243738860218.70306,0.0,False,11690.0,229591.36
17340,2118187.9736,246600764983.9689,0.0,False,11690.0,229591.36
17350,2117802.1936,247334069771.12415,0.0,False,11690.0,229591.36
17360,2116929.2576,248824837520.6713,0.0,False,11690.0,229591.36
17370,2113307.0888,253038635492.7873,0.0,False,11690.0,229591.36
17380,2110813.2776,255852195469.60776,0.0,False,11690.0,229591.36
17390,2106382.0096,259577366111.2671,0.0,False,11690.0,229591.36
17400,2102764.0736,263738502324.3786,0.0,False,11690.0,229591.36
17410,2101293.4688,265180170788.12424,0.0,False,11690.0,229591.36
17420,2098686.1856,267968508806.46475,0.0,False,11690.0,229591.36
17430,2097691.1624,269400102443.18805,0.0,False,11690.0,229591.36
17440,2091992.8968,275110086664.7942,0.0,False,11690.0,229591.36
17450,2088502.9528,278411082944.23615,0.0,False,11690.0,229591.36
17460,2085740.5352,281158450288.832,0.0,False,11690.0,229591.36
17470,2084209.7224,282073648610.67017,0.0,False,11690.0,229591.36
17480,2081980.4464,284530556479.6791,0.0,False,11690.0,229591.36
17490,2077876.9848,289184409000.79175,0.0,False,11690.0,229591.36
17500,2075921.7496,291481690164.9341,0.0,False,11690.0,229591.36
17510,2071938.7096,294707483664.7396,0.0,False,11690.0,229591.36
17520,2068593.5736,298091629242.2197,0.0,False,11690.0,229591.36
17530,2065818.0336,300721095200.23254,0.0,False,11690.0,229591.36
17540,2062645.8072,304035827195.6733,0.0,False,11690.0,229591.36
17550,2059482.144,306983367891.61444,0.0,False,11690.0,229591.36
17560,2056260.7144,310474199478.66565,0.0,False,11690.0,229591.36
17570,2054351.4448,311595050140.3637,0.0,False,11690.0,229591.36
17580,2052234.4792,314086326275.4648,0.0,False,11690.0,229591.36
17590,2046975.02,319391080021.582,0.0,False,11690.0,229591.36
17600,2041654.4824,324779598146.1785,0.0,False,11690.0,229591.36
17610,2039241.8704,327371885205.4199,0.0,False,11690.0,229591.36
17620,2035426.812,331182380108.6191,0.0,False,11690.0,229591.36
17630,2031239.7032,334762116892.0927,0.0,False,11690.0,229591.36
17640,2028058.1616,338397765980.681,0.0,False,11690.0,229591.36
17650,2024644.3896,342049240452.4354,0.0,False,11690.0,229591.36
17660,2021603.4944,345284797525.36035,0.0,False,11690.0,229591.36
17670,2018238.716,348583077876.5194,0.0,False,11690.0,229591.36
17680,2016166.1104,351004369991.94617,0.0,False,11690.0,229591.36
17690,2011620.1792,355542132535.8526,0.0,False,11690.0,229591.36
17700,2008652.2032,359021845998.9539,0.0,False,11690.0,229591.36
17710,2005729.452,362497639023.3077,0.0,False,11690.0,229591.36
17720,2003983.8064,364705659002.3177,0.0,False,11690.0,229591.36
17730,2001872.632,367161345093.2646,0.0,False,11690.0,229591.36
17740,2000906.5024,368781689667.4949,0.0,False,11690.0,229591.36
17750,2000030.0976,369056855780.941,0.0,False,11690.0,229591.36
17760,1997035.7448,372581605509.30927,0.0,False,11690.0,229591.36
17770,1993168.8872,377079759774.85614,0.0,False,11690.0,229591.36
17780,1989760.2696,381251888457.85846,0.0,False,11690.0,229591.36
17790,1984386.148,387123440731.3685,0.0,False,11690.0,229591.36
17800,1981473.1376,389724525182.5778,0.0,False,11690.0,229591.36
17810,1980634.3216,391445162627.1701,0.0,False,11690.0,229591.36
17820,1979399.952,392744700269.5273,0.0,False,11690.0,229591.36
17830,1977665.216,394748049257.32776,0.0,False,11690.0,229591.36
17840,1974861.124,398128413474.5941,0.0,False,11690.0,229591.36
17850,1971514.884,401538660755.45685,0.0,False,11690.0,229591.36
17860,1971609.3048,402194889669.1439,0.0,False,11690.0,229591.36
17870,1970133.1704,404046977287.85724,0.0,False,11690.0,229591.36
17880,1967960.8264,406181652293.8915,0.0,False,11690.0,229591.36
17890,1966625.2368,407156620188.2527,0.0,False,11690.0,229591.36
17900,1964728.216,409747615062.6765,0.0,False,11690.0,229591.36
17910,1962709.8128,411617315798.23376,0.0,False,11690.0,229591.36
17920,1960590.7256,413828661099.41437,0.0,False,11690.0,229591.36
17930,1959075.4608,415492630044.95087,0.0,False,11690.0,229591.36
17940,1956667.528,418101732946.8043,0.0,False,11690.0,229591.36
17950,1953452.9784,421073658253.71954,0.0,False,11690.0,229591.36
17960,1951359.3984,422719417796.2909,0.0,False,11690.0,229591.36
17970,1949530.1056,424725787038.7089,0.0,False,11690.0,229591.36
17980,1949223.4992,424927097131.32043,0.0,False,11690.0,229591.36
17990,1944523.9256,428878609942.13696,0.0,False,11690.0,229591.36
18000,1940742.0632,432718000578.2247,0.0,False,11690.0,231856.0
18010,1938624.9184,435126495218.6829,0.0,False,11690.0,231856.0
18020,1936148.596,436852688298.4399,0.0,False,11690.0,231856.0
18030,1933932.0384,439064554880.13293,0.0,False,11690.0,231856.0
18040,1931072.9736,440906141477.2584,0.0,False,11690.0,231856.0
18050,1928765.9408,443037171957.2829,0.0,False,11690.0,231856.0
18060,1927806.9928,443796723578.7055,0.0,False,11690.0,231856.0
18070,1926902.968,445515039384.5414,0.0,False,11690.0,231856.0
18080,1925287.14,446121339161.7388,0.0,False,11690.0,231856.0
18090,1922289.756,448310030843.5836,0.0,False,11690.0,231856.0
18100,1920528.5384,450317434714.6909,0.0,False,11690.0,231856.0
18110,1918792.9032,451453686491.5763,0.0,False,11690.0,231856.0
18120,1917930.6856,451653002365.8323,0.0,False,11690.0,231856.0
18130,1916101.0408,453582159121.7024,0.0,False,11690.0,231856.0
18140,1913101.32,456027401057.5313,0.0,False,11690.0,231856.0
18150,1909237.4264,458799886067.4134,0.0,False,11690.0,231856.0
18160,1907026.3296,460794056177.9266,0.0,False,11690.0,231856.0
18170,1904774.1288,462006210887.0058,0.0,False,11690.0,231856.0
18180,1901569.6896,464960215106.1212,0.0,False,11690.0,231856.0
18190,1897566.8648,467713303442.0058,0.0,False,11690.0,231856.0
18200,1893236.1064,470439091566.2302,0.0,False,11690.0,231856.0
18210,1890329.8608,472813305444.707,0.0,False,11690.0,231856.0
18220,1887798.7104,473916587045.0537,0.0,False,11690.0,231856.0
18230,1884253.396,476916738227.3904,0.0,False,11690.0,231856.0
18240,1880253.9568,479776340881.6397,0.0,False,11690.0,231856.0
18250,1873804.1848,483781295478.7259,0.0,False,11690.0,231856.0
18260,1871048.5392,486529050026.4613,0.0,False,11690.0,231856.0
18270,1866999.5432,489169781277.8537,0.0,False,11690.0,231856.0
18280,1863168.1288,491799002209.9434,0.0,False,11690.0,231856.0
18290,1856407.9896,495605248902.3024,0.0,False,11690.0,231856.0
18300,1850898.5664,499025702527.4329,0.0,False,11690.0,231856.0
18310,1844943.5824,503718908212.2032,0.0,False,11690.0,231856.0
18320,1836995.9608,509666600662.1505,0.0,False,11690.0,231856.0
18330,1832006.1896,512421747993.172,0.0,False,11690.0,231856.0
18340,1824280.6624,516816662841.9932,0.0,False,11690.0,231856.0
18350,1815141.3592,522182062477.6934,0.0,False,11690.0,231856.0
18360,1809819.1496,525842731053.6784,0.0,False,11690.0,231856.0
18370,1805651.188,528471111551.7999,0.0,False,11690.0,231856.0
18380,1801505.0664,530968026903.29,0.0,False,11690.0,231856.0
18390,1789466.6504,538026547835.0827,0.0,False,11690.0,231856.0
18400,1777548.064,543692804044.0503,0.0,False,11690.0,231856.0
18410,1772839.6152,546833697715.1271,0.0,False,11690.0,231856.0
18420,1763138.1272,552997834034.251,0.0,False,11690.0,231856.0
18430,1758426.3904,555691549961.5404,0.0,False,11690.0,231856.0
18440,1751767.084,559449350834.945,0.0,False,11690.0,231856.0
18450,1745938.8896,561731972641.7303,0.0,False,11690.0,231856.0
18460,1741676.5128,564356190788.7404,0.0,False,11690.0,231856.0
18470,1736443.2488,567566931051.3157,0.0,False,11690.0,231856.0
18480,1732950.7904,569447645512.7032,0.0,False,11690.0,231856.0
18490,1729089.2624,571256657842.976,0.0,False,11690.0,231856.0
18500,1725833.024,572933101546.9418,0.0,False,11690.0,231856.0
18510,1722574.2568,574378990209.062,0.0,False,11690.0,231856.0
18520,1720489.4624,575601348561.0133,0.0,False,11690.0,231856.0
18530,1719206.0544,576198953359.1268,0.0,False,11690.0,231856.0
18540,1718164.6616,577251121030.0438,0.0,False,11690.0,231856.0
18550,1715410.5432,577760073222.1129,0.0,False,11690.0,231856.0
18560,1714089.376,578199455266.0618,0.0,False,11690.0,231856.0
18570,1712151.2048,577966626578.8044,0.0,False,11690.0,231856.0
18580,1710773.4832,579264679798.0498,0.0,False,11690.0,231856.0
18590,1709924.5216,578799350691.9424,0.0,False,11690.0,231856.0
18600,1709288.2832,579713028038.7678,0.0,False,11690.0,231856.0
18610,1708188.1872,578993724498.0546,0.0,False,11690.0,231856.0
18620,1706731.5168,579555911642.5344,0.0,False,11690.0,231856.0
18630,1704832.8768,580063763952.2073,0.0,False,11690.0,231856.0
18640,1703219.9832,580059107817.0413,0.0,False,11690.0,231856.0
18650,1698509.1736,580723849046.6467,0.0,False,11690.0,231856.0
18660,1698069.4752,581484123783.667,0.0,False,11690.0,231856.0
18670,1692663.1368,581942315977.0068,0.0,False,11690.0,231856.0
18680,1690312.5112,582679198066.5594,0.0,False,11690.0,231856.0
18690,1680946.996,584727077931.4479,0.0,False,11690.0,231856.0
18700,1673949.7472,586283563406.6849,0.0,False,11690.0,231856.0
18710,1667948.1488,587229134062.8514,0.0,False,11690.0,231856.0
18720,1654851.4728,590223208924.0916,0.0,False,11690.0,231856.0
18730,1645327.656,591236828844.944,0.0,False,11690.0,231856.0
18740,1630191.0056,592777037505.1185,0.0,False,11690.0,231856.0
18750,1609655.6744,594329887495.486,0.0,False,11690.0,231856.0
18760,1601043.9088,594460488277.7292,0.0,False,11690.0,231856.0
18770,1592888.0264,593836229805.8824,0.0,False,11690.0,231856.0
18780,1585315.448,593147393752.0249,0.0,False,11690.0,231856.0
18790,1571105.0992,592813825662.8365,0.0,False,11690.0,231856.0
18800,1550539.7176,590835008612.9043,0.0,False,11690.0,231856.0
18810,1541657.748,588128603174.2677,0.0,False,11690.0,231856.0
18820,1532393.4496,586638071005.358,0.0,False,11690.0,231856.0
18830,1519858.1888,582733079537.4012,0.0,False,11690.0,231856.0
18840,1515084.172,581383103876.8104,0.0,False,11690.0,231856.0
18850,1510778.14,579018046765.5948,0.0,False,11690.0,231856.0
18860,1506676.3864,578107017054.8378,0.0,False,11690.0,231856.0
18870,1501453.1632,575720057804.5989,0.0,False,11690.0,231856.0
18880,1497969.0368,573492614537.2258,0.0,False,11690.0,231856.0
18890,1496731.9272,573363103505.6282,0.0,False,11690.0,231856.0
18900,1495573.1456,570138996298.7196,0.0,False,11690.0,231856.0
18910,1495174.9144,569400206919.2358,0.0,False,11690.0,231856.0
18920,1495948.2304,569187666583.3613,0.0,False,11690.0,231856.0
18930,1496322.5056,568672148635.4948,0.0,False,11690.0,231856.0
18940,1497560.5048,568603196828.7004,0.0,False,11690.0,231856.0
18950,1499676.4144,567189574475.4507,0.0,False,11690.0,231856.0
18960,1500107.1184,566745559779.3412,0.0,False,11690.0,231856.0
18970,1500810.4592,566237915505.9268,0.0,False,11690.0,231856.0
18980,1501054.5328,565640095379.3578,0.0,False,11690.0,231856.0
18990,1503511.8912,565526971271.009,0.0,False,11690.0,231856.0
19000,1503393.4424,564536121712.3083,0.0,False,11690.0,258384.64
19010,1502846.3416,563564376151.5681,0.0,False,11690.0,258384.64
19020,1501660.284,562578048511.633,0.0,False,11690.0,258384.64
19030,1499803.6696,561107839178.5325,0.0,False,11690.0,258384.64
19040,1496150.1408,558846439723.2601,0.0,False,11690.0,258384.64
19050,1491920.4424,556202910257.1147,0.0,False,11690.0,258384.64
19060,1488909.5112,555444263286.2843,0.0,False,11690.0,258384.64
19070,1487028.4624,553649699273.6582,0.0,False,11690.0,258384.64
19080,1482618.7632,552613514063.2096,0.0,False,11690.0,258384.64
19090,1476749.7648,549483404213.5638,0.0,False,11690.0,258384.64
19100,1472490.588,547631568377.0639,0.0,False,11690.0,258384.64
19110,1468754.408,545159598208.9568,0.0,False,11690.0,258384.64
19120,1462914.0072,543032803011.0768,0.0,False,11690.0,258384.64
19130,1460281.4952,540179417490.8028,0.0,False,11690.0,258384.64
19140,1448178.6312,534973782127.2319,0.0,False,11690.0,258384.64
19150,1435729.46,527305394624.4331,0.0,False,11690.0,258384.64
19160,1428499.4728,522683887565.7204,0.0,False,11690.0,258384.64
19170,1423747.0136,519047843380.987,0.0,False,11690.0,258384.64
19180,1418129.8976,515470537363.6919,0.0,False,11690.0,258384.64
19190,1409018.2901803607,508565561076.62915,0.0,False,11690.0,258384.64
19200,1403140.4056112224,504572010469.38574,0.0,False,11690.0,258384.64
19210,1400487.5390781562,502144144913.0044,0.0,False,11690.0,258384.64
19220,1398423.498596069,499500596532.246,0.0,False,11690.0,258384.64
19230,1395836.95062224,497436275734.4059,0.0,False,11690.0,258384.64
19240,1394054.7707747892,494876912111.35126,0.0,False,11690.0,258384.64
19250,1393379.853130016,492446002829.7425,0.0,False,11690.0,258384.64
19260,1393584.7728731942,492470954052.2358,0.0,False,11690.0,258384.64
19270,1393717.7118780096,492217251045.22845,0.0,False,11690.0,258384.64
19280,1395164.7460890494,492072778901.9128,0.0,False,11690.0,258384.64
19290,1398370.0216519646,494209861339.9113,0.0,False,11690.0,258384.64
19300,1399624.387329591,493633185150.25745,0.0,False,11690.0,258384.64
19310,1399498.908216433,493596191721.3379,0.0,False,11690.0,258384.64
19320,1401074.8341346155,493400374770.9309,0.0,False,11690.0,258384.64
19330,1401850.3157051282,493385401370.2464,0.0,False,11690.0,258384.64
19340,1402571.6523828595,492902911111.03986,0.0,False,11690.0,258384.64
19350,1403097.0572687224,492914470557.71277,0.0,False,11690.0,258384.64
19360,1403588.9162995594,492478323815.7499,0.0,False,11690.0,258384.64
19370,1404025.126952343,492280590816.6987,0.0,False,11690.0,258384.64
19380,1405114.3372046456,492787001622.4045,0.0,False,11690.0,258384.64
19390,1405967.8181818181,492095027514.3618,0.0,False,11690.0,258384.64
19400,1406333.5066079295,491551643522.2075,0.0,False,11690.0,258384.64
19410,1406340.1193432119,491565255271.56445,0.0,False,11690.0,258384.64
19420,1406767.826992391,491383381167.63354,0.0,False,11690.0,258384.64
19430,1407404.4845814977,491529508363.8325,0.0,False,11690.0,258384.64
19440,1407592.3476171405,491267152346.6249,0.0,False,11690.0,258384.64
19450,1407545.3808570285,491183228128.4193,0.0,False,11690.0,258384.64
19460,1409498.6231477773,492024218013.38184,0.0,False,11690.0,258384.64
19470,1411577.6443732479,493448355288.4342,0.0,False,11690.0,258384.64
19480,1414061.0088070456,494005990626.31946,0.0,False,11690.0,258384.64
19490,1416473.7768,495501910273.1453,0.0,False,11690.0,258384.64
19500,1421076.6104,497226994053.1842,0.0,False,11690.0,258384.64
19510,1423233.9128,498208838748.9572,0.0,False,11690.0,258384.64
19520,1427531.7352,500385359631.0355,0.0,False,11690.0,258384.64
19530,1429221.5136,501027911337.1362,0.0,False,11690.0,258384.64
19540,1435423.1936,502951941286.4826,0.0,False,11690.0,258384.64
19550,1449420.6608,507636853080.4529,0.0,False,11690.0,258384.64
19560,1454714.3544,509369797985.1656,0.0,False,11690.0,258384.64
19570,1458961.7392,510411634587.6312,0.0,False,11690.0,258384.64
19580,1465376.9848,511730977221.3742,0.0,False,11690.0,258384.64
19590,1479891.6968,514781152950.2329,0.0,False,11690.0,258384.64
19600,1487901.8136,515892798712.9429,0.0,False,11690.0,258384.64
19610,1493897.0064,516513545610.728,0.0,False,11690.0,258384.64
19620,1499590.1624,516818395108.6921,0.0,False,11690.0,258384.64
19630,1505142.6392,517477739445.1386,0.0,False,11690.0,258384.64
19640,1517314.9168,517805045584.4555,0.0,False,11690.0,258384.64
19650,1536295.396,518342471269.6816,0.0,False,11690.0,258384.64
19660,1546236.3776,517513054098.9262,0.0,False,11690.0,258384.64
19670,1556037.4176,517391755122.8736,0.0,False,11690.0,258384.64
19680,1565508.3552,516555480422.2835,0.0,False,11690.0,258384.64
19690,1576567.4176,514282860535.8016,0.0,True,11700.0,258384.64
19700,1580861.8952,514543986155.4242,0.0,True,11710.0,258384.64
19710,1585046.2,513489690271.9056,0.0,True,11720.0,258384.64
19720,1595674.6504,511073673125.1369,0.0,True,11730.0,258384.64
19730,1605498.9144,507839366016.5414,0.0,True,11740.0,258384.64
19740,1619821.712,504512430631.4306,0.0,True,11750.0,258384.64
19750,1636826.7192,498533565421.622,0.0,True,11760.0,258384.64
19760,1646713.5576,497226949073.3931,0.0,True,11770.0,258384.64
19770,1651699.0192,494783071489.1981,0.0,True,11780.0,258384.64
19780,1664236.6488,489203066099.0847,0.0,True,11790.0,258384.64
19790,1679334.2832,482800416385.2894,0.0,True,11800.0,258384.64
19800,1686499.5288,480720875714.6628,0.0,True,11810.0,258384.64
19810,1695306.1016,476990309032.6122,0.0,True,11820.0,258384.64
19820,1702024.6608,472908041341.589,0.0,True,11830.0,258384.64
19830,1711852.5392,468994193356.2693,0.0,True,11840.0,258384.64
19840,1723927.9472,461377213907.1556,0.0,True,11850.0,258384.64
19850,1728264.2888,460513363988.9998,0.0,True,11860.0,258384.64
19860,1736446.0352,456061854188.034,0.0,True,11870.0,258384.64
19870,1747081.8848,449782187334.83154,0.0,True,11880.0,258384.64
19880,1759344.2408,444056767307.8284,0.0,True,11890.0,258384.64
19890,1772232.7856,436685569147.2804,0.0,True,11900.0,258384.64
19900,1780333.9552,432366003564.25397,0.0,True,11910.0,258384.64
19910,1789780.9776,427528085920.4587,0.0,True,11920.0,258384.64
19920,1797246.9568,421986712284.1309,0.0,True,11930.0,258384.64
19930,1806320.0328,417057307917.146,0.0,True,11940.0,258384.64
19940,1815839.2504,410750504233.36926,0.0,True,11950.0,258384.64
19950,1824483.556,405441982090.6652,0.0,True,11960.0,258384.64
19960,1832829.3064,399692355941.0694,0.0,True,11970.0,258384.64
19970,1844532.7456,392709477887.1849,0.0,True,11980.0,258384.64
19980,1851333.6976,388115753650.7021,0.0,True,11990.0,258384.64
19990,1863479.7968,380173060768.5892,0.0,True,12000.0,258384.64
